,LB_username,PROLIFIC_PID,participant,age:1,gender:1,gender:other,citizenship:1,residence:1,education:1,mb1:1,mb2:1,mb3:1,mb4:1,mb4:other,mb5:1,af:1,af:2,af:3,af:4,af:5,af:6,af:7,af:8,af:9,af:10,af:11,af:12,af:13,af:14,af:15,af:16,af:17,af:18,af:19,af:20,gf:1,gf:2,gf:3,gf:4,gf:5,gf:6,gf:7,gf:8,gf:9,gf:10,gf:11,gf:12,gf:13,gf:14,gf:15,gf:16,gf:17,gf:18,gf:19,gf:20,guttman:1,guttman:2,guttman:3,guttman:4,guttman:5,STUDY_ID,SESSION_ID,TIME_start,TIME_end,TIME_total,artist_fam_score,genre_fam_score,avg_fam_score,open_score,session_id,status,started_datetime,completed_date_time,time_taken,age,num_approvals,num_rejections,prolific_score,reviewed_at_datetime,entered_code,Country of Birth,Current Country of Residence,Employment Status,First Language,Fluent languages,Gender,Highest education level completed,Nationality,Sex,Student Status
0,Manhento,58f50400f4ce600001016db5,s.3d7f0de1-5cda-4d91-ad86-7da87fe5c11b.txt,2,1.0,,Portugal,Portugal,3.0,3,2,2,2,,2,3,1,3,3,1,1,3,3,3,2,3,3,1,3,1,3,2,1,1,3,1,2,3,2,1,1,3,1,1,1,3,3,1,3,2,1,3,1,1,1,1,1,2,2,2,6269053ac9ca43d823c77778,627230d61eb44dc52c9c9fbc,2022-05-04-09-54,2022-05-04-09-56,2,2.88,5.3,4.09,2,627230d61eb44dc52c9c9fbc,APPROVED,2022-05-04 07:52:54.346000,2022-05-04 07:56:54.486000,240.14,23,116,0,100,2022-05-04 08:25:29.183000,7ED80400,Portugal,Portugal,Part-Time,Portuguese,"Portuguese, English",Man (including Trans Male/Trans Man),Undergraduate degree (BA/BSc/other),Portugal,Male,Yes
1,mrndcn,5b0a93f030d562000155259e,s.7638fcb3-532d-48f1-844e-5b0e43f45216.txt,3,2.0,,Italia,Puglia,4.0,4,1,3,2,,2,3,1,3,2,3,3,3,3,2,3,3,3,3,3,3,3,3,1,3,3,1,3,3,2,1,3,3,3,3,3,3,3,1,3,3,1,3,3,3,3,1,1,1,1,1,6269053ac9ca43d823c77778,6270fc33fc1af8c3a520abc7,2022-05-03-11-56,2022-05-03-12-00,4,1.05,1.4,1.22,5,6270fc33fc1af8c3a520abc7,APPROVED,2022-05-03 09:56:35.153000,2022-05-03 10:00:09.200000,214.047,29,121,1,100,2022-05-03 10:38:22.768000,7ED80400,Italy,Italy,Full-Time,Italian,"English, Italian, Russian, Spanish",Woman (including Trans Female/Trans Woman),Graduate degree (MA/MSc/MPhil/other),Italy,Female,No
2,HiddenTrack,5b6dada03ce3ab0001fd077c,s.781e34b5-0bb4-46cd-bbe4-fce7f7503966.txt,3,2.0,,Italy,Italy,4.0,5,2,2,2,,3,1,1,3,1,3,3,3,3,3,1,1,3,1,3,1,3,1,1,3,3,1,2,3,1,1,2,2,1,1,1,3,3,1,3,1,3,3,1,1,1,1,1,1,1,2,6269053ac9ca43d823c77778,626a97311a8629869669e9eb,2022-04-28-15-33,2022-04-28-15-35,2,2.65,5.45,4.05,4,626a97311a8629869669e9eb,APPROVED,2022-04-28 13:31:29.636000,2022-04-28 13:35:09.295000,219.659,28,332,1,100,2022-04-28 14:12:31.937000,7ED80400,Italy,Italy,Full-Time,Italian,"French, Spanish, Italian, English",Woman (including Trans Female/Trans Woman),Graduate degree (MA/MSc/MPhil/other),Italy,Female,No
3,andrespi,5be2965691deed00015acc2b,s.81d85620-c4d5-4c18-bdcc-4ee565d5f6f1.txt,3,1.0,,Italy,,4.0,3,2,3,2,,2,3,2,3,3,3,3,3,3,3,3,3,3,3,3,3,3,3,3,3,3,1,3,3,1,1,1,3,2,3,3,3,3,3,3,3,1,3,2,3,1,1,1,1,1,2,6269053ac9ca43d823c77778,6270fadb47924a9e38765aac,2022-05-03-11-50,2022-05-03-11-52,2,0.07,2.83,1.45,4,6270fadb47924a9e38765aac,APPROVED,2022-05-03 09:50:19.815000,2022-05-03 09:52:33.883000,134.068,35,427,2,100,2022-05-03 10:38:40.447000,7ED80400,Italy,Italy,Other,Italian,"English, Italian",Man (including Trans Male/Trans Man),Graduate degree (MA/MSc/MPhil/other),Italy,Male,No
4,vrnk98,5bef1e56c19fcd0001cdf4c7,s.b3b2d6bc-8e9d-49aa-b301-acbe7fd76f4f.txt,2,2.0,,Spain,Spain,3.0,4,3,4,2,,2,3,3,3,2,3,3,3,3,3,3,3,3,2,3,3,3,3,3,3,3,1,1,1,1,1,1,1,1,3,2,1,2,1,2,2,1,2,1,2,1,1,1,1,1,2,6269053ac9ca43d823c77778,6270f5d4a700c1222c3a6b78,2022-05-03-11-29,2022-05-03-11-31,2,0.23,8.07,4.15,4,6270f5d4a700c1222c3a6b78,APPROVED,2022-05-03 09:29:00.438000,2022-05-03 09:31:33.653000,153.215,23,109,1,100,2022-05-03 10:38:47.271000,7ED80400,Spain,Spain,Full-Time,Spanish,"English, French, Spanish",Woman (including Trans Female/Trans Woman),Graduate degree (MA/MSc/MPhil/other),Spain,Female,Yes
5,sneakysoup,5c0fde85d86a170001faa55a,s.05ac1397-0a3a-4503-b4b4-e76ff834ce4b.txt,2,1.0,,Portugal,Castelo Branco,2.0,4,4,2,2,,3,1,1,3,3,1,3,3,3,3,1,1,3,1,1,2,2,3,3,3,3,1,1,3,1,3,1,3,1,3,1,3,3,1,3,3,2,3,2,1,1,1,1,1,1,1,6269053ac9ca43d823c77778,626fe64f5f50d6cd7514e286,2022-05-02-16-10,2022-05-02-16-11,1,2.52,4.28,3.4,5,626fe64f5f50d6cd7514e286,APPROVED,2022-05-02 14:10:23.329000,2022-05-02 14:11:52.021000,88.692,23,308,9,96,2022-05-02 14:26:45.646000,7ED80400,Portugal,Portugal,Full-Time,Portuguese,"English, Portuguese",Man (including Trans Male/Trans Man),Secondary education (e.g. GED/GCSE),Portugal,Male,No
6,VeroBerardi,5c39af407aa30a0001ffac91,s.1bd45573-8506-4939-a034-b0ce6963775d.txt,2,2.0,,,,3.0,5,4,4,2,,2,3,1,2,1,2,3,3,2,3,3,1,1,1,1,1,3,1,1,3,3,1,2,3,1,1,1,2,1,3,2,3,3,2,2,2,3,2,1,2,1,1,2,2,2,2,6269053ac9ca43d823c77778,626a98db9df50445e9682126,2022-04-28-15-39,2022-04-28-15-41,2,3.88,5.0,4.44,1,626a98db9df50445e9682126,APPROVED,2022-04-28 13:38:40.072000,2022-04-28 13:41:54.276000,194.204,24,165,1,100,2022-04-28 14:14:23.983000,7ED80400,Italy,Italy,Unemployed (and job seeking),Italian,"English, Italian",Woman (including Trans Female/Trans Woman),Undergraduate degree (BA/BSc/other),Italy,Female,Yes
7,acarolinab,5c4c53b95aa8dc00011b0dce,s.141e81cd-a026-4e0e-8163-e38305c63a86.txt,2,2.0,,Portugal,Portugal,4.0,4,2,2,2,,2,3,1,3,3,2,3,3,3,1,3,3,3,3,3,3,3,3,3,3,3,1,3,1,1,1,1,3,1,3,3,3,3,1,3,1,3,3,1,3,1,1,2,2,2,2,6269053ac9ca43d823c77778,626fe64c74ee96374485f1a0,2022-05-02-16-10,2022-05-02-16-12,2,1.12,3.65,2.39,1,626fe64c74ee96374485f1a0,APPROVED,2022-05-02 14:10:20.351000,2022-05-02 14:12:25.305000,124.954,25,198,0,100,2022-05-02 14:26:39.610000,7ED80400,Portugal,Portugal,Full-Time,Portuguese,"English, French, Portuguese, Spanish",Woman (including Trans Female/Trans Woman),Graduate degree (MA/MSc/MPhil/other),Portugal,Female,No
8,sarafdelgado,5c7c3909042bf900012ab4d1,s.7c41e759-0120-4c6d-b0dc-27207e4966ed.txt,3,2.0,,Portugal,Portugal,3.0,4,4,2,2,,2,3,1,3,1,2,1,3,2,1,1,1,3,2,3,2,2,1,1,3,3,1,1,3,1,1,1,3,1,3,3,3,3,1,3,1,1,3,1,1,2,1,1,1,1,2,6269053ac9ca43d823c77778,626a960b37ead6c86a8cf59d,2022-04-28-15-26,2022-04-28-15-30,4,4.15,4.35,4.25,4,626a960b37ead6c86a8cf59d,APPROVED,2022-04-28 13:26:36.843000,2022-04-28 13:30:40.124000,243.281,30,144,3,99,2022-04-28 14:12:03.860000,7ED80400,Portugal,Portugal,Full-Time,Portuguese,English,Woman (including Trans Female/Trans Woman),Graduate degree (MA/MSc/MPhil/other),Portugal,Female,No
9,user112553,5d39dd63c49dae00016065c7,s.e9764709-138a-470b-94f4-705579a32a38.txt,2,2.0,,Portugal,Portugal,2.0,4,4,4,2,,4,3,1,3,1,3,3,3,3,3,3,2,3,1,1,1,3,1,3,3,3,1,1,3,1,1,1,3,1,1,1,1,3,1,3,2,1,3,1,1,1,1,1,1,1,1,6269053ac9ca43d823c77778,626a9771e72cfb3b8d16bcf1,2022-04-28-15-35,2022-04-28-15-43,8,1.48,6.55,4.01,5,626a9771e72cfb3b8d16bcf1,APPROVED,2022-04-28 13:32:44.831000,2022-04-28 13:43:15.634000,630.803,21,349,1,100,2022-04-28 14:13:16.174000,7ED80400,Portugal,Portugal,Unemployed (and job seeking),Portuguese,"English, Portuguese",Woman (including Trans Female/Trans Woman),High school diploma/A-levels,Portugal,Female,Yes
10,Ordep123,5d70ec2138ac7e00012f817b,s.6569808c-7b61-418a-a23d-eecaee420e23.txt,2,1.0,,Portugal,Portugal,4.0,4,3,4,2,,2,3,1,3,1,3,3,3,3,3,3,3,3,1,1,1,3,3,3,3,3,2,2,3,3,1,2,3,1,3,2,2,3,1,2,3,3,3,1,2,2,1,1,1,1,2,6269053ac9ca43d823c77778,626fe73f213023678e26821d,2022-05-02-16-14,2022-05-02-16-16,2,0.9,3.13,2.01,4,626fe73f213023678e26821d,APPROVED,2022-05-02 14:14:26.996000,2022-05-02 14:17:06.279000,159.283,23,438,0,100,2022-05-02 14:27:08.444000,7ED80400,Portugal,Portugal,Unemployed (and job seeking),Portuguese,"Portuguese, English",Man (including Trans Male/Trans Man),Graduate degree (MA/MSc/MPhil/other),Portugal,Male,No
11,vampiregrave,5d8346167ed176001888204d,s.761912b3-ef4f-49e9-a1ba-5f33475d2aef.txt,4,1.0,,Portugal,Portugal,3.0,4,1,1,2,,2,1,1,3,1,3,3,3,3,1,1,1,3,3,3,3,3,1,1,3,3,1,1,1,1,1,1,1,1,2,2,2,3,1,3,3,1,3,1,1,1,1,2,2,2,2,6269053ac9ca43d823c77778,626a9748f28924e8738c5732,2022-04-28-15-33,2022-04-28-15-35,2,3.2,6.73,4.96,1,626a9748f28924e8738c5732,APPROVED,2022-04-28 13:31:52.970000,2022-04-28 13:35:32.440000,219.47,36,416,2,100,2022-04-28 14:12:42.931000,7ED80400,Portugal,Portugal,Full-Time,Portuguese,"Portuguese, English, Spanish",Man (including Trans Male/Trans Man),Undergraduate degree (BA/BSc/other),Portugal,Male,No
12,An_Oxygen_Consumer,5da839f66f11e500123e30c7,s.9559e1a8-a56b-44de-a5d2-99a4450cbc5c.txt,2,1.0,,Italy,Italy,3.0,5,3,1,2,,2,3,1,3,3,3,3,3,3,3,3,3,3,1,3,3,3,3,3,3,3,2,3,3,2,1,3,2,2,1,1,3,3,1,3,2,3,3,3,3,1,1,1,1,2,2,6269053ac9ca43d823c77778,626a973ee9e4c9ba791c0518,2022-04-28-15-32,2022-04-28-15-34,2,0.2,3.82,2.01,3,626a973ee9e4c9ba791c0518,APPROVED,2022-04-28 13:31:42.596000,2022-04-28 13:34:34.955000,172.359,23,117,1,99,2022-04-28 14:12:39.106000,7ED80400,Italy,Italy,"Not in paid work (e.g. homemaker', 'retired or disabled)",Italian,"English, Italian",Man (including Trans Male/Trans Man),Undergraduate degree (BA/BSc/other),Italy,Male,Yes
13,tommyjarvis,5dcbea3588381e87f60cb202,s.e001a59c-9e12-460b-bf5d-eb149c25d4a3.txt,3,1.0,,Spain,Spain,3.0,2,3,1,2,,2,1,1,3,1,3,1,3,3,3,3,1,3,1,1,3,3,3,3,3,3,1,3,1,1,1,1,3,1,1,1,3,3,1,3,1,3,3,1,1,1,1,1,2,2,2,6269053ac9ca43d823c77778,627230c2446fbf5dbe253051,2022-05-04-09-53,2022-05-04-09-54,1,2.15,5.2,3.68,2,627230c2446fbf5dbe253051,APPROVED,2022-05-04 07:52:34.445000,2022-05-04 07:54:42.630000,128.185,28,327,3,99,2022-05-04 08:25:41.766000,7ED80400,Spain,Spain,Full-Time,Spanish,"Spanish, English",Man (including Trans Male/Trans Man),Undergraduate degree (BA/BSc/other),Spain,Male,No
14,MayaIaia4,5de440d3400de40285c01263,s.da9af356-54db-4f17-a49d-a8489a25037a.txt,2,2.0,,Italy,Italy,3.0,4,2,2,2,,2,2,1,3,3,3,3,3,3,3,1,3,3,2,3,3,3,3,1,3,3,1,1,3,1,1,2,1,2,2,1,3,3,1,3,2,3,3,1,3,2,1,1,1,1,2,6269053ac9ca43d823c77778,627238ede814bf8db01b73eb,2022-05-04-10-31,2022-05-04-10-35,4,1.12,5.12,3.12,4,627238ede814bf8db01b73eb,APPROVED,2022-05-04 08:30:26.743000,2022-05-04 08:35:06.900000,280.157,22,61,1,99,2022-05-04 08:44:59.339000,7ED80400,Italy,Italy,Other,Italian,"Italian, English",Woman (including Trans Female/Trans Woman),Undergraduate degree (BA/BSc/other),Italy,Female,Yes
15,benfica15951,5dee6f4d3b1c9450c5d126fc,s.9b5cb046-1c5f-4307-9f5c-8bca4f08b19a.txt,3,1.0,,Portugal,Portugal,2.0,5,4,4,2,,2,3,1,3,1,3,3,3,2,1,3,1,3,1,1,1,1,3,1,3,3,2,1,2,1,1,2,2,1,3,1,2,3,1,2,3,3,3,1,1,1,1,1,1,2,2,6269053ac9ca43d823c77778,626a9f25efa1e2f3fc302e0b,2022-04-28-16-05,2022-04-28-16-12,7,3.28,5.63,4.45,3,626a9f25efa1e2f3fc302e0b,APPROVED,2022-04-28 14:05:37.762000,2022-04-28 14:12:53.246000,435.484,30,295,2,100,2022-04-28 14:15:23.301000,7ED80400,Portugal,Portugal,Full-Time,Portuguese,"English, Portuguese",Man (including Trans Male/Trans Man),High school diploma/A-levels,Portugal,Male,No
16,janybatista,5df76aff2d2185502504d15c,s.e23b17e9-e3d8-4b98-8745-2de711013a1a.txt,4,2.0,,Portugal,Portugal,4.0,4,2,3,2,,2,3,1,3,1,3,3,3,3,1,2,1,3,3,3,3,3,1,1,3,3,1,3,2,1,1,1,2,1,1,3,3,3,1,3,3,3,3,1,1,3,1,1,2,2,2,6269053ac9ca43d823c77778,626a95f8f06b63e9d4d717db,2022-04-28-15-26,2022-04-28-15-28,2,2.45,3.1,2.78,2,626a95f8f06b63e9d4d717db,APPROVED,2022-04-28 13:26:18.568000,2022-04-28 13:28:33.752000,135.184,39,239,2,99,2022-04-28 14:11:59.623000,7ED80400,Portugal,Portugal,Full-Time,Portuguese,"English, Portuguese",Woman (including Trans Female/Trans Woman),Graduate degree (MA/MSc/MPhil/other),Portugal,Female,No
17,aimonteiror,5e4841b1d135942e602a1bd8,s.0822f880-bf97-4d2d-9e0f-133c170ca3a0.txt,3,2.0,,Portugal,Portugal,3.0,5,2,4,2,,3,3,1,3,1,2,3,3,3,3,3,2,3,1,3,1,3,3,2,2,3,1,3,3,1,1,3,3,1,3,3,3,3,1,3,3,3,3,2,2,1,1,1,1,1,1,6269053ac9ca43d823c77778,626a95b68464f601c948e02e,2022-04-28-15-26,2022-04-28-15-28,2,1.68,2.15,1.91,5,626a95b68464f601c948e02e,APPROVED,2022-04-28 13:25:10.817000,2022-04-28 13:29:03.434000,232.617,28,26,0,100,2022-04-28 14:11:19.515000,7ED80400,Portugal,Portugal,Full-Time,Portuguese,"English, Portuguese",Woman (including Trans Female/Trans Woman),Undergraduate degree (BA/BSc/other),Portugal,Female,No
18,martagmp,5e68d8b2a042a7000d529490,s.a1769fe2-9176-4559-b096-d796913f7032.txt,2,2.0,,Italy,Italy,4.0,4,4,3,2,,3,1,1,3,1,3,2,3,3,3,3,3,3,1,1,1,3,1,2,3,3,1,3,3,1,1,3,3,1,3,1,3,3,1,3,3,3,3,1,1,3,1,1,2,2,2,6269053ac9ca43d823c77778,626fe64ecfc2bd6482f4e760,2022-05-02-16-10,2022-05-02-16-13,3,2.38,2.35,2.36,2,626fe64ecfc2bd6482f4e760,APPROVED,2022-05-02 14:10:24.957000,2022-05-02 14:13:06.811000,161.854,25,305,0,100,2022-05-02 14:26:50.661000,7ED80400,Italy,Italy,Part-Time,Italian,"Italian, English",Woman (including Trans Female/Trans Woman),Graduate degree (MA/MSc/MPhil/other),Italy,Female,No
19,quicomedeiros,5e85fb52694b68049c112544,s.781a7746-ea1e-4f0f-8018-7008f575ca41.txt,2,1.0,,Portugal,,3.0,4,3,3,2,,2,3,1,3,3,3,3,3,3,3,3,1,3,1,3,1,3,3,3,3,3,3,1,3,1,1,1,3,2,3,2,3,3,1,3,3,2,3,2,1,1,1,1,1,1,2,6269053ac9ca43d823c77778,626a9605a328f98147d09780,2022-04-28-15-26,2022-04-28-15-33,7,0.55,4.0,2.27,4,626a9605a328f98147d09780,APPROVED,2022-04-28 13:26:29.975000,2022-04-28 13:34:03.322000,453.347,21,242,0,100,2022-04-28 14:12:03.001000,7ED80400,Portugal,Portugal,Full-Time,Portuguese,English,Man (including Trans Male/Trans Man),Undergraduate degree (BA/BSc/other),Portugal,Male,Yes
20,dv248,5e8f31ca66838a1ff52975b5,s.7df5047b-60a9-4b14-a8e5-4f6018bb3da5.txt,2,1.0,,Portugal,Portugal,4.0,4,2,2,2,,3,3,1,3,3,3,3,3,3,3,3,2,3,3,3,2,3,3,3,3,3,1,3,3,1,3,3,3,2,3,3,3,3,3,3,3,3,3,3,3,1,1,2,2,2,2,6269053ac9ca43d823c77778,626a97577810a64ae6f2f281,2022-04-28-15-44,2022-04-28-15-45,1,0.33,1.4,0.86,1,626a97577810a64ae6f2f281,APPROVED,2022-04-28 13:32:07.688000,2022-04-28 13:45:55.963000,828.275,25,254,6,97,2022-04-28 14:12:56.670000,7ED80400,Portugal,Portugal,Other,Portuguese,"Spanish, English, French",Man (including Trans Male/Trans Man),Undergraduate degree (BA/BSc/other),Portugal,Male,Yes
21,LP22,5e92f26b444572122fdfe44d,s.96d1fdbc-6b71-4804-a981-dec8fb25c1f4.txt,3,1.0,,Portugal,Portugal,4.0,4,3,2,2,,2,3,1,2,1,3,2,2,3,1,3,1,3,3,3,3,3,1,1,3,3,1,2,3,1,1,2,2,1,1,2,3,3,1,3,3,3,3,1,3,1,1,2,2,2,2,6269053ac9ca43d823c77778,627230b37fc67abd3cbeaf12,2022-05-04-09-52,2022-05-04-09-55,3,3.48,4.28,3.88,1,627230b37fc67abd3cbeaf12,APPROVED,2022-05-04 07:52:19.575000,2022-05-04 07:56:01.467000,221.892,35,405,0,100,2022-05-04 08:25:54.205000,7ED80400,Portugal,Portugal,Full-Time,DATA EXPIRED,"English, French, Portuguese, Spanish",Man (including Trans Male/Trans Man),Graduate degree (MA/MSc/MPhil/other),Portugal,Male,No
22,RedPeppermint,5e9dd814910d621387801b01,s.2536d846-a8e8-4ce4-9d82-d620da40a8ab.txt,2,1.0,,Portugal,Portugal,3.0,4,1,3,2,,2,2,1,3,3,3,3,3,3,3,2,1,1,1,1,3,3,3,3,3,3,1,1,3,1,1,1,2,1,2,1,2,3,1,2,3,2,3,2,2,1,1,1,2,2,2,6269053ac9ca43d823c77778,626a976096b01c7a019f54ae,2022-04-28-15-32,2022-04-28-15-34,2,1.95,5.92,3.94,2,626a976096b01c7a019f54ae,APPROVED,2022-04-28 13:32:16.113000,2022-04-28 13:34:07.440000,111.327,22,208,0,100,2022-04-28 14:13:02.722000,7ED80400,Portugal,Portugal,Full-Time,Portuguese,"English, Portuguese",Non-binary (would like to give more detail),Undergraduate degree (BA/BSc/other),Portugal,Female,Yes
23,5ea1c3f3e9fb240a9b243e18,5ea1c3f3e9fb240a9b243e18,s.05cd58b5-fae1-4998-8986-2468f87c51f7.txt,3,2.0,,Italy,Italy,4.0,4,4,5,2,,2,3,1,3,1,3,3,3,2,1,1,1,3,1,3,1,3,1,2,3,3,1,1,2,1,3,2,1,1,2,1,3,3,1,2,3,3,2,1,1,1,1,1,1,1,2,6269053ac9ca43d823c77778,626a98afee19825e71b8b16e,2022-04-28-15-38,2022-04-28-15-41,3,2.9,6.33,4.61,4,626a98afee19825e71b8b16e,APPROVED,2022-04-28 13:37:51.657000,2022-04-28 13:41:14.957000,203.3,30,314,6,97,2022-04-28 14:13:52.010000,7ED80400,Italy,Italy,Full-Time,Italian,"English, Italian, Portuguese, Polish, French",Woman (including Trans Female/Trans Woman),Graduate degree (MA/MSc/MPhil/other),Italy,Female,No
24,versilvia,5ea718879d28c80bf38bcb7f,s.918a9c40-3da9-420b-ae7a-dea96522e4b1.txt,3,2.0,,italy,italy,4.0,4,3,2,2,,2,1,1,3,1,3,3,3,1,1,1,2,3,1,1,3,3,2,2,3,3,1,1,2,1,1,1,2,1,1,1,1,3,1,3,2,3,3,1,2,2,1,1,1,2,2,6269053ac9ca43d823c77778,626a98d3126adef30f374111,2022-04-28-15-39,2022-04-28-15-41,2,3.57,6.08,4.83,3,626a98d3126adef30f374111,APPROVED,2022-04-28 13:38:27.169000,2022-04-28 13:41:29.757000,182.588,32,276,1,100,2022-04-28 14:14:17.031000,7ED80400,Italy,Italy,Full-Time,Italian,"Italian, English",Woman (including Trans Female/Trans Woman),Graduate degree (MA/MSc/MPhil/other),Italy,Female,No
25,ruiipereiraa,5ebc3cc7adb5e706b8021deb,s.a21f5f86-b00a-42b1-963c-f7cb71d065ca.txt,2,1.0,,Portugal,Portugal,3.0,4,3,2,2,,4,3,1,3,3,3,3,3,3,3,2,3,3,1,3,1,3,3,3,3,3,3,2,3,2,2,2,3,3,3,2,3,3,3,3,2,3,3,1,1,3,1,2,2,2,2,6269053ac9ca43d823c77778,626a956d2ef32fdd38704998,2022-04-28-15-25,2022-04-28-15-30,5,0.45,2.1,1.27,1,626a956d2ef32fdd38704998,APPROVED,2022-04-28 13:24:32.403000,2022-04-28 13:30:24.891000,352.488,23,197,1,100,2022-04-28 14:10:43.523000,7ED80400,Portugal,Portugal,Other,Portuguese,"English, Portuguese",Man (including Trans Male/Trans Man),Undergraduate degree (BA/BSc/other),Portugal,Male,Yes
26,olline,5ebefa4d2bd5510ff39688c1,s.a7dcefc1-a993-4777-bf18-80a19d6897d4.txt,2,2.0,,italy,italy,2.0,5,4,4,2,,4,3,1,2,2,3,1,3,3,3,2,3,3,1,3,1,3,1,3,3,3,2,2,3,1,1,2,3,1,3,1,3,3,1,3,1,3,3,1,3,3,1,1,1,1,1,6269053ac9ca43d823c77778,626a9f2543bb580747c5fd72,2022-04-28-16-06,2022-04-28-16-10,4,2.08,3.33,2.7,5,626a9f2543bb580747c5fd72,APPROVED,2022-04-28 14:05:40.629000,2022-04-28 14:10:59.112000,318.483,20,337,5,98,2022-04-28 14:15:21.258000,7ED80400,Italy,Italy,Part-Time,Italian,"English, French, Spanish",Woman (including Trans Female/Trans Woman),High school diploma/A-levels,Italy,Female,Yes
27,Luijinho,5ecd600061398f0bffb5ccef,s.1b2ecd40-3b3b-4bdc-a2d3-683a0924b32a.txt,2,1.0,,Portugal,Portugal,3.0,4,4,4,2,,4,3,1,3,1,3,3,3,3,3,1,3,3,1,1,1,3,3,3,3,3,2,1,3,2,1,1,2,1,1,1,1,3,1,2,2,3,3,1,1,1,1,1,1,1,1,6269053ac9ca43d823c77778,626a98be3f97ac3574e90a38,2022-04-28-15-39,2022-04-28-15-42,3,1.2,6.5,3.85,5,626a98be3f97ac3574e90a38,APPROVED,2022-04-28 13:38:29.017000,2022-04-28 13:42:55.017000,266.0,24,99,0,100,2022-04-28 14:14:17.591000,7ED80400,Portugal,Portugal,Part-Time,Portuguese,"English, Portuguese",Man (including Trans Male/Trans Man),Undergraduate degree (BA/BSc/other),Portugal,Male,Yes
28,Bruno10000silva,5ed6d66c4ddb96153b704550,s.70e441fc-7ddf-4836-af31-66b900e6ce75.txt,2,1.0,,Portugal,Portugal,2.0,4,3,4,2,,2,3,1,3,1,3,3,3,3,3,1,1,3,1,1,1,3,1,3,3,3,1,1,3,3,1,1,1,1,1,1,3,3,1,3,3,3,3,1,1,1,1,1,1,1,1,6269053ac9ca43d823c77778,626a963b12790e1d1c3f8cde,2022-04-28-15-27,2022-04-28-15-29,2,1.9,5.5,3.7,5,626a963b12790e1d1c3f8cde,APPROVED,2022-04-28 13:27:23.010000,2022-04-28 13:29:43.601000,140.591,21,242,2,100,2022-04-28 14:12:24.010000,7ED80400,Portugal,Portugal,Other,Portuguese,"Portuguese, English",Man (including Trans Male/Trans Man),Secondary education (e.g. GED/GCSE),Portugal,Male,Yes
29,ruipedro3,5ef36b13c358120b8508ab5d,s.e2c07671-5b44-4bb4-9b6b-99f07eb55e45.txt,2,1.0,,Portugal,Portugal,3.0,4,4,4,2,,3,3,1,3,1,3,3,3,1,3,1,1,3,1,3,1,3,3,3,3,3,1,1,3,1,1,1,1,1,3,1,3,3,1,3,3,3,3,1,1,1,1,1,2,2,2,6269053ac9ca43d823c77778,62723926a39fd3c06eb70a8c,2022-05-04-10-28,2022-05-04-10-32,4,1.9,5.35,3.63,2,62723926a39fd3c06eb70a8c,APPROVED,2022-05-04 08:28:41.030000,2022-05-04 08:32:36.821000,235.791,20,178,0,100,2022-05-04 08:44:59.871000,7ED80400,Portugal,Portugal,Part-Time,Portuguese,"English, Portuguese, Spanish",Man (including Trans Male/Trans Man),Undergraduate degree (BA/BSc/other),Portugal,Male,Yes
30,Inês,5ef698a927c8ea38d5bcc192,s.56f46373-066e-4ec5-9dfd-4a539fff5d80.txt,2,2.0,,Portugal,Portugal,4.0,4,2,2,2,,2,3,1,3,1,3,2,3,2,3,1,2,2,1,3,1,3,1,3,3,3,1,2,3,1,1,1,1,1,3,1,3,3,1,2,3,2,3,1,1,1,1,1,2,2,2,6269053ac9ca43d823c77778,626a98d8138819c1ccd12b4c,2022-04-28-15-39,2022-04-28-15-41,2,2.58,5.68,4.12,2,626a98d8138819c1ccd12b4c,APPROVED,2022-04-28 13:38:32.275000,2022-04-28 13:41:42.213000,189.938,25,289,0,100,2022-04-28 14:14:19.589000,7ED80400,Portugal,Portugal,Full-Time,Portuguese,"English, Portuguese",Woman (including Trans Female/Trans Woman),Graduate degree (MA/MSc/MPhil/other),Portugal,Female,No
31,mariana02,5f03e27b71331161cf1f7f76,s.527521e4-6953-49c6-88b6-1d552199495c.txt,2,2.0,,Portugal,Portugal,2.0,5,2,2,2,,4,3,3,3,3,3,3,3,3,3,3,3,3,2,3,1,3,3,3,3,3,2,1,2,1,1,1,2,2,2,3,3,3,2,2,2,3,3,2,3,2,1,2,2,2,2,6269053ac9ca43d823c77778,626fe6520de704becb0e3d59,2022-05-02-16-10,2022-05-02-16-12,2,0.12,4.25,2.19,1,626fe6520de704becb0e3d59,APPROVED,2022-05-02 14:10:26.488000,2022-05-02 14:12:25.250000,118.762,20,95,3,98,2022-05-02 14:26:54.936000,7ED80400,Portugal,Portugal,Unemployed (and job seeking),DATA EXPIRED,"English, Portuguese, Spanish",Woman (including Trans Female/Trans Woman),High school diploma/A-levels,Portugal,Female,Yes
32,Lostveneto,5f0471a92ec97b6d1aec7739,s.b5ceae68-92a9-430c-aa13-ed63cdeb0fc2.txt,2,1.0,,Italy,Italy,2.0,2,1,3,2,,4,3,3,3,2,3,3,3,3,3,3,3,3,1,3,3,3,2,3,3,3,1,2,3,2,1,3,2,1,3,1,3,3,2,1,2,3,3,1,2,1,1,1,1,1,2,6269053ac9ca43d823c77778,626a97919cd552c122559e9d,2022-04-28-15-33,2022-04-28-15-36,3,0.47,4.83,2.65,4,626a97919cd552c122559e9d,APPROVED,2022-04-28 13:33:26.674000,2022-04-28 13:36:51.118000,204.444,24,263,0,100,2022-04-28 14:13:20.428000,7ED80400,Italy,Italy,Full-Time,Italian,"English, Italian",Man (including Trans Male/Trans Man),High school diploma/A-levels,Italy,Male,No
33,berenike,5f11ccbc1a1a2c08b4a99efb,s.06d1db59-47a5-424e-b335-928d928152fd.txt,2,2.0,,Italy,Italy,2.0,4,2,3,2,,4,3,1,3,2,3,3,3,3,3,1,3,3,1,3,1,3,3,3,3,3,1,1,3,2,1,1,3,1,2,1,2,3,1,3,2,3,3,1,3,1,1,1,1,1,1,6269053ac9ca43d823c77778,626a9644060b97ce3f942c01,2022-04-28-15-28,2022-04-28-15-30,2,0.8,4.9,2.85,5,626a9644060b97ce3f942c01,APPROVED,2022-04-28 13:27:49.912000,2022-04-28 13:30:21.817000,151.905,20,272,0,100,2022-04-28 14:12:29.191000,7ED80400,Italy,Italy,Other,Italian,"English, Italian",Woman (including Trans Female/Trans Woman),High school diploma/A-levels,Italy,Female,Yes
34,pirolocams,5f20247996215b06459cdfff,s.3116c177-554f-4e60-b613-72ace6f99604.txt,2,2.0,,Italy,Italy,2.0,3,2,2,2,,3,3,1,3,2,3,2,3,2,3,3,3,3,2,3,1,3,3,3,3,3,1,2,3,3,1,3,3,2,1,2,3,3,1,3,1,1,3,1,1,1,1,1,1,1,1,6269053ac9ca43d823c77778,626a9f25e2e5a7ad74a07377,2022-04-28-16-06,2022-04-28-16-09,3,1.05,4.62,2.84,5,626a9f25e2e5a7ad74a07377,APPROVED,2022-04-28 14:05:25.166000,2022-04-28 14:09:53.722000,268.556,20,237,0,100,2022-04-28 14:14:57.030000,7ED80400,Italy,Italy,Other,Italian,"English, Italian, French, Spanish",Woman (including Trans Female/Trans Woman),High school diploma/A-levels,Italy,Female,Yes
35,JohnnyMichaels,5f27df9a9858eb0008fd7aa3,s.5872ebea-28d8-4eda-960c-6207d5c91f34.txt,4,1.0,,Portugal,Leiria,2.0,5,2,2,2,,3,1,1,3,1,3,1,3,2,1,1,1,3,3,3,3,3,1,1,3,3,1,1,2,1,1,1,3,1,1,1,3,3,1,3,2,2,3,1,1,2,1,1,2,2,2,6269053ac9ca43d823c77778,6270f2007240efed92482adc,2022-05-03-11-13,2022-05-03-11-19,6,4.02,5.35,4.69,2,6270f2007240efed92482adc,APPROVED,2022-05-03 09:12:34.761000,2022-05-03 09:19:40.039000,425.278,42,87,4,95,2022-05-03 10:38:52.134000,7ED80400,Portugal,Portugal,Full-Time,Portuguese,"Portuguese, English",Man (including Trans Male/Trans Man),Graduate degree (MA/MSc/MPhil/other),Portugal,Male,No
36,anasofiamachado,5f285902166da3151b01faf2,s.913edfd8-312d-4ac2-8e07-6bf353dcb91a.txt,2,2.0,,Portugal,Portugal,3.0,5,4,4,2,,3,3,1,3,3,3,3,3,3,2,3,3,3,1,3,1,3,3,3,3,3,1,1,3,2,1,1,1,1,2,1,3,3,1,2,3,2,3,1,1,1,1,1,1,1,2,6269053ac9ca43d823c77778,626fe66179b4c3e8f223a8e6,2022-05-02-16-11,2022-05-02-16-14,3,0.65,6.15,3.4,4,626fe66179b4c3e8f223a8e6,APPROVED,2022-05-02 14:10:41.119000,2022-05-02 14:14:08.061000,206.942,24,237,1,100,2022-05-02 14:27:04.037000,7ED80400,Portugal,Portugal,Part-Time,Portuguese,"Portuguese, English",Woman (including Trans Female/Trans Woman),Undergraduate degree (BA/BSc/other),Portugal,Female,Yes
37,axel22,5f2d14d99d93bf265393b8ac,s.87fa544b-3db1-4ecf-a048-ff58fc6a7709.txt,3,1.0,,italy,Italy,3.0,4,3,4,2,,3,2,1,2,1,3,2,3,3,3,3,2,3,1,3,3,3,3,1,3,2,1,1,1,1,1,1,1,1,3,3,2,3,1,3,3,2,2,1,2,1,1,1,1,1,2,6269053ac9ca43d823c77778,627230a113cd08cc49b1a12d,2022-05-04-09-52,2022-05-04-09-54,2,2.6,6.08,4.34,4,627230a113cd08cc49b1a12d,APPROVED,2022-05-04 07:52:03.464000,2022-05-04 07:54:50.445000,166.981,31,404,4,100,2022-05-04 08:26:07.034000,7ED80400,Italy,Italy,Full-Time,Italian,"English, Italian",Man (including Trans Male/Trans Man),Graduate degree (MA/MSc/MPhil/other),Italy,Male,No
38,Ile.96,5f33ead9400eee2403448c32,s.48893670-8070-4a8f-b885-64f3e0deeb6f.txt,3,2.0,,Italy,Sicily,4.0,5,2,2,2,,3,3,1,3,1,3,3,3,2,3,2,1,3,1,3,1,3,2,1,3,3,1,2,3,1,1,2,2,1,2,3,3,3,1,3,2,3,3,1,3,1,1,1,1,1,2,6269053ac9ca43d823c77778,6270fcebbcdf46c3f4213f9c,2022-05-03-11-59,2022-05-03-12-02,3,2.0,3.88,2.94,4,6270fcebbcdf46c3f4213f9c,APPROVED,2022-05-03 09:59:31.659000,2022-05-03 10:02:49.371000,197.712,26,169,3,99,2022-05-03 10:38:15.379000,7ED80400,Italy,Italy,Part-Time,Italian,"English, Italian",Woman (including Trans Female/Trans Woman),Undergraduate degree (BA/BSc/other),Italy,Female,Yes
39,Branky,5f444f41d9255617e1ba10ff,s.4ae1a9ff-e83a-4e67-b4c1-c4be302d4ac0.txt,3,1.0,,Italy,Italy,2.0,4,3,3,2,,2,1,1,3,2,3,3,3,3,3,2,2,2,1,1,3,3,3,1,3,3,1,1,2,3,1,1,3,3,1,2,2,3,1,3,3,1,3,1,3,1,1,1,1,1,2,6269053ac9ca43d823c77778,6270fcbf018e46c53ee672b8,2022-05-03-11-59,2022-05-03-12-01,2,2.25,5.1,3.68,4,6270fcbf018e46c53ee672b8,APPROVED,2022-05-03 09:58:33.346000,2022-05-03 10:01:38.363000,185.017,28,301,1,100,2022-05-03 10:38:20.754000,7ED80400,Italy,Italy,Unemployed (and job seeking),Italian,"Italian, English",Man (including Trans Male/Trans Man),High school diploma/A-levels,Italy,Male,Yes
40,giulispaggiari,5f6132f075b3fa0ac649fd3c,s.57f28947-0f65-45b2-8ab5-9189a04cb86c.txt,2,2.0,,Italia,Italia,3.0,4,2,1,2,,3,3,1,3,3,3,3,3,3,3,3,3,3,1,3,1,3,3,3,3,3,1,1,3,1,1,1,1,1,1,1,3,3,1,2,1,3,3,1,3,1,1,1,1,1,1,6269053ac9ca43d823c77778,626a95d710655dd5e08df46b,2022-04-28-15-25,2022-04-28-15-28,3,0.3,6.72,3.51,5,626a95d710655dd5e08df46b,APPROVED,2022-04-28 13:25:43.590000,2022-04-28 13:28:13.463000,149.873,24,225,0,100,2022-04-28 14:11:43.887000,7ED80400,Italy,Italy,Unemployed (and job seeking),Italian,"Italian, English",Woman (including Trans Female/Trans Woman),High school diploma/A-levels,Italy,Female,Yes
41,Apex23,5f89c22268e5fe0009834636,s.8c062981-c86f-4243-9fe4-ee6e287b3758.txt,2,1.0,,Italy,Italy,2.0,3,2,3,2,,3,3,3,3,3,3,3,3,3,3,3,3,3,3,3,3,3,3,3,3,3,2,3,3,2,1,1,3,3,3,2,2,3,3,3,3,3,3,1,3,1,1,1,1,2,2,6269053ac9ca43d823c77778,626a9751d60f27bfdafaacce,2022-04-28-15-32,2022-04-28-15-34,2,0.0,2.77,1.39,3,626a9751d60f27bfdafaacce,APPROVED,2022-04-28 13:32:01.600000,2022-04-28 13:35:01.344000,179.744,20,106,0,100,2022-04-28 14:12:54,7ED80400,Italy,Italy,Other,Italian,"English, Italian",Man (including Trans Male/Trans Man),High school diploma/A-levels,Italy,Male,Yes
42,afonsoveiga,5f8b031f5f71b109548721bd,s.c122c200-01c7-4738-a917-b6a02a1e9b7a.txt,2,1.0,,Portugal,Portugal,2.0,4,3,2,2,,4,3,1,3,1,3,3,3,3,3,3,3,3,1,3,1,3,3,3,3,3,2,2,3,1,1,1,1,2,1,1,3,3,1,1,2,3,3,1,1,1,1,1,2,2,2,6269053ac9ca43d823c77778,626a97334618f2863258296d,2022-04-28-15-31,2022-04-28-15-34,3,0.7,6.47,3.59,2,626a97334618f2863258296d,APPROVED,2022-04-28 13:31:31.799000,2022-04-28 13:34:18.789000,166.99,21,175,0,100,2022-04-28 14:12:33.826000,7ED80400,Portugal,Portugal,Other,Portuguese,"English, Portuguese",Man (including Trans Male/Trans Man),High school diploma/A-levels,Portugal,Male,Yes
43,ippo,5f8eed755fcafb0baa531301,s.203bf993-b220-4bda-bdf2-fd15aca81a78.txt,3,2.0,,Italy,Italy,5.0,4,2,3,2,,2,3,1,3,3,3,3,3,3,3,3,3,3,3,3,3,3,3,3,3,3,1,2,3,1,2,3,3,2,3,3,3,3,3,3,2,2,3,2,2,1,1,1,1,2,2,6269053ac9ca43d823c77778,627230b4e347b8789c2db3b6,2022-05-04-09-52,2022-05-04-09-54,2,0.15,2.83,1.49,3,627230b4e347b8789c2db3b6,APPROVED,2022-05-04 07:52:22.714000,2022-05-04 07:54:53.871000,151.157,28,223,1,100,2022-05-04 08:25:49.362000,7ED80400,Italy,Italy,Unemployed (and job seeking),Italian,"English, Italian",Woman (including Trans Female/Trans Woman),Technical/community college,Italy,Female,No
44,SunshineT93,5f8f1d38e25d2b1306f8e554,s.615854b4-d633-418e-8e87-5c0a9e8ba71f.txt,3,2.0,,Italy,Italy,2.0,4,2,1,2,,2,3,1,3,1,3,3,3,3,3,1,3,3,1,3,3,3,2,3,3,3,3,2,3,3,2,2,3,3,3,2,3,3,2,3,2,1,3,2,2,1,1,1,2,2,2,6269053ac9ca43d823c77778,6270fe40809b39bec66c90c6,2022-05-03-12-05,2022-05-03-12-06,1,1.13,3.35,2.24,2,6270fe40809b39bec66c90c6,APPROVED,2022-05-03 10:04:48.130000,2022-05-03 10:06:55.553000,127.423,28,219,3,99,2022-05-03 10:37:47.402000,7ED80400,Italy,Italy,Unemployed (and job seeking),Italian,"English, Italian",Woman (including Trans Female/Trans Woman),High school diploma/A-levels,Italy,Female,Yes
45,deniseterzi,5fb3d4024e5665000a941d9d,s.e5c54ee9-1770-46bd-9adc-e53e497e710e.txt,2,2.0,,Italy,Italy,2.0,4,3,3,2,,2,3,1,3,3,2,1,3,3,3,3,2,3,1,2,1,3,3,2,3,3,1,1,3,1,1,1,1,1,1,1,2,3,1,3,2,1,3,1,2,1,1,1,2,2,2,6269053ac9ca43d823c77778,626a95d522c4ab96a64838e6,2022-04-28-15-26,2022-04-28-15-28,2,1.48,7.15,4.31,2,626a95d522c4ab96a64838e6,APPROVED,2022-04-28 13:25:41.739000,2022-04-28 13:28:54.704000,192.965,23,82,1,100,2022-04-28 14:11:42.697000,7ED80400,Italy,Italy,Unemployed (and job seeking),Italian,"English, Italian, Spanish",Woman (including Trans Female/Trans Woman),High school diploma/A-levels,Italy,Female,Yes
46,inxsc,5fb680f7e13f87000aa59a9a,s.9ffab7a8-d928-4f6e-9c07-1472c15057e4.txt,2,3.0,,Portugal,Portugal,2.0,5,3,3,2,,4,3,1,3,1,3,3,3,3,3,3,3,1,1,3,1,3,3,3,3,3,1,1,3,1,1,1,1,1,1,1,1,3,1,3,2,1,3,1,1,1,1,1,1,1,2,6269053ac9ca43d823c77778,626a98cbce1ae1402deb6b95,2022-04-28-15-38,2022-04-28-15-41,3,1.55,7.55,4.55,4,626a98cbce1ae1402deb6b95,APPROVED,2022-04-28 13:38:19.869000,2022-04-28 13:41:07.635000,167.766,19,148,1,100,2022-04-28 14:14:11.750000,7ED80400,Portugal,Portugal,Part-Time,Portuguese,"English, Portuguese",Non-binary (would like to give more detail),High school diploma/A-levels,Portugal,Female,Yes
47,Kyor,5fda8761cffa3b71e6d684bf,s.8ff98eb3-0a2c-4c1d-b104-927097970c50.txt,2,1.0,,Portugal,Portugal,4.0,4,4,4,2,,2,3,1,3,1,2,2,3,2,3,1,1,3,1,1,1,3,1,3,3,3,1,1,3,1,1,1,2,1,1,1,1,3,1,2,3,3,3,1,1,1,1,1,1,1,1,6269053ac9ca43d823c77778,626a973d00a368ca8078e6af,2022-04-28-15-32,2022-04-28-15-34,2,2.75,6.43,4.59,5,626a973d00a368ca8078e6af,APPROVED,2022-04-28 13:31:57.058000,2022-04-28 13:34:17.873000,140.815,25,142,0,100,2022-04-28 14:12:48.154000,7ED80400,Portugal,Portugal,Unemployed (and job seeking),Portuguese,"English, Portuguese",Man (including Trans Male/Trans Man),Graduate degree (MA/MSc/MPhil/other),Portugal,Male,No
48,Dinossaralho,5fdebabfb5d1fc684adaa1f9,s.a879b663-6169-4d6e-8ba5-c31e4e538f2c.txt,2,1.0,,Portugal,Fafe,3.0,5,4,4,2,,2,3,1,3,2,3,3,3,3,3,1,1,3,1,2,1,3,3,1,3,3,1,1,3,1,1,1,3,1,1,1,1,3,1,3,3,3,3,1,1,1,1,1,1,2,2,6269053ac9ca43d823c77778,626a95b2a28e6b93e94fe470,2022-04-28-15-28,2022-04-28-15-30,2,1.5,5.55,3.53,3,626a95b2a28e6b93e94fe470,APPROVED,2022-04-28 13:25:06.276000,2022-04-28 13:30:32.169000,325.893,24,117,1,100,2022-04-28 14:11:17.847000,7ED80400,Portugal,Portugal,Full-Time,Portuguese,"Portuguese, English",Man (including Trans Male/Trans Man),Undergraduate degree (BA/BSc/other),Portugal,Male,Yes
49,RicardoCoelho8,6014314ae378481403f01e86,s.737507e4-0063-49ef-af39-4d623261c3a1.txt,2,1.0,,Portugal,Portugal,3.0,3,3,3,2,,4,3,3,3,3,3,3,3,2,3,3,3,3,1,3,1,3,3,2,3,3,3,2,3,2,2,3,3,3,3,3,1,3,3,3,3,3,3,2,3,2,1,1,1,1,2,6269053ac9ca43d823c77778,626a97335b072eb3e49e2144,2022-04-28-15-31,2022-04-28-15-34,3,0.65,2.0,1.32,4,626a97335b072eb3e49e2144,APPROVED,2022-04-28 13:31:31.031000,2022-04-28 13:34:33.695000,182.664,21,162,3,98,2022-04-28 14:12:33.179000,7ED80400,Portugal,Portugal,Other,Portuguese,"Portuguese, English",Man (including Trans Male/Trans Man),Secondary education (e.g. GED/GCSE),Portugal,Male,Yes
50,Ruhdyy,60199014a4f7250bea248b6d,s.e87e407b-4e08-4788-8760-cd8b6532d158.txt,2,1.0,,Portugal/Portuguese,Portugal,2.0,5,4,4,2,,3,3,2,3,2,3,3,3,3,3,3,3,3,3,2,3,3,3,3,3,3,2,3,3,3,1,1,3,1,3,1,2,3,3,3,3,3,3,1,3,1,1,1,1,2,2,6269053ac9ca43d823c77778,626fe64f41bcde9259f3e01f,2022-05-02-16-10,2022-05-02-16-12,2,0.38,3.1,1.74,3,626fe64f41bcde9259f3e01f,APPROVED,2022-05-02 14:10:26.621000,2022-05-02 14:12:22.500000,115.879,19,77,2,95,2022-05-02 14:26:56.200000,7ED80400,Portugal,Portugal,Unemployed (and job seeking),Portuguese,"English, Portuguese, Spanish",Man (including Trans Male/Trans Man),High school diploma/A-levels,Portugal,Male,Yes
51,Theossi2000,6024c1edf9b0e11f13c59cbd,s.3a49b179-6efc-407e-9c23-80e0abf82239.txt,2,1.0,,Portugal,Lisboa,3.0,4,4,4,2,,4,3,3,3,1,2,1,2,3,3,3,1,3,1,3,1,2,2,3,1,2,1,2,2,1,1,3,2,1,1,3,2,3,1,2,1,2,3,1,1,1,1,1,1,1,1,6269053ac9ca43d823c77778,6270f1aab467ab41184d3406,2022-05-03-11-11,2022-05-03-11-14,3,3.92,5.75,4.84,5,6270f1aab467ab41184d3406,APPROVED,2022-05-03 09:11:06.817000,2022-05-03 09:14:22.597000,195.78,21,136,2,100,2022-05-03 10:38:52.924000,7ED80400,Portugal,Portugal,Full-Time,Portuguese,"English, Portuguese",Woman (including Trans Female/Trans Woman),Graduate degree (MA/MSc/MPhil/other),Portugal,Male,No
52,Akromancer,602691763444df34d0917731,s.0cdc500f-606f-4804-8d42-f1b095d2f366.txt,2,1.0,,Portugal,Portugal,2.0,4,4,3,2,,4,3,1,3,2,3,3,3,3,3,3,3,3,1,2,1,3,3,3,3,3,2,1,2,1,1,1,2,1,2,3,2,3,1,1,2,2,2,1,1,1,1,1,1,1,1,6269053ac9ca43d823c77778,626a9f23b29e605ab9e78b67,2022-04-28-16-05,2022-04-28-16-07,2,0.6,6.7,3.65,5,626a9f23b29e605ab9e78b67,APPROVED,2022-04-28 14:05:23.418000,2022-04-28 14:07:53.486000,150.068,19,56,1,99,2022-04-28 14:14:51.205000,7ED80400,Portugal,Portugal,Other,Portuguese,"Portuguese, English",Man (including Trans Male/Trans Man),High school diploma/A-levels,Portugal,Male,Yes
53,CarolFrancis,6032b41809e86b2d25e6abf5,s.be1be726-7f09-46d5-84eb-11e8175432f6.txt,4,2.0,,Portugal,Portugal,4.0,4,2,2,2,,2,3,1,3,1,3,3,3,3,1,1,1,1,3,3,3,3,1,1,3,3,1,2,2,1,1,2,2,1,2,2,3,3,1,3,2,2,3,1,1,1,1,1,1,1,2,6269053ac9ca43d823c77778,627238de45e2579308c75abb,2022-05-04-10-28,2022-05-04-10-32,4,3.45,5.05,4.25,4,627238de45e2579308c75abb,APPROVED,2022-05-04 08:27:59.313000,2022-05-04 08:32:19.344000,260.031,38,145,0,100,2022-05-04 08:45:01.916000,7ED80400,Portugal,Portugal,Full-Time,Portuguese,"English, Portuguese",Woman (including Trans Female/Trans Woman),Graduate degree (MA/MSc/MPhil/other),Portugal,Female,No
54,rqlmarim,603e4fff74df2edecbeb21a3,s.98fb7f28-8971-4c7f-a016-bc7d44398898.txt,3,2.0,,portugal,,2.0,5,3,3,2,,3,3,1,3,1,3,3,3,3,1,1,1,1,3,3,3,1,1,1,3,3,1,1,1,1,1,1,1,1,1,3,3,3,1,3,3,1,3,1,1,3,1,1,1,1,2,6269053ac9ca43d823c77778,627230b48d8aeadb3468789b,2022-05-04-09-52,2022-05-04-09-54,2,4.2,5.35,4.78,4,627230b48d8aeadb3468789b,APPROVED,2022-05-04 07:52:20.357000,2022-05-04 07:54:56.905000,156.548,35,171,1,100,2022-05-04 08:25:53.227000,7ED80400,Portugal,Portugal,Full-Time,Portuguese,"Portuguese, English, Spanish, French",Woman (including Trans Female/Trans Woman),Technical/community college,Portugal,Female,No
55,Ramiroowww,60496d3990d324547105f959,s.57136edc-b937-4bec-86ca-1b17f153e937.txt,2,1.0,,Portugal ,Portugal,1.0,5,3,2,2,,4,3,1,3,3,3,3,3,3,3,3,2,3,2,3,1,3,3,3,3,3,1,1,3,2,1,3,2,1,3,1,2,3,1,2,3,2,3,1,1,1,1,1,1,1,2,6269053ac9ca43d823c77778,627238d3973a2d1e4632fddf,2022-05-04-10-27,2022-05-04-10-34,7,0.4,5.4,2.9,4,627238d3973a2d1e4632fddf,APPROVED,2022-05-04 08:26:59.676000,2022-05-04 08:34:17.961000,438.285,19,53,0,100,2022-05-04 08:45:19.983000,7ED80400,Portugal,Portugal,Other,Portuguese,"English, Portuguese",Man (including Trans Male/Trans Man),Secondary education (e.g. GED/GCSE),Portugal,Male,Yes
56,Edu_Marques17,604a3c8ec261d2fa6ac242c3,s.fce43795-9258-4884-af29-21c38874029f.txt,2,1.0,,Portugal,Portugal,2.0,5,4,4,2,,4,3,1,3,1,3,3,3,3,3,2,3,3,1,1,1,3,3,3,3,3,1,2,2,2,1,1,1,2,2,2,1,2,2,2,1,2,1,1,2,3,1,1,1,1,1,6269053ac9ca43d823c77778,627238dfae954d5f52e96e6f,2022-05-04-10-27,2022-05-04-10-29,2,1.05,6.87,3.96,5,627238dfae954d5f52e96e6f,APPROVED,2022-05-04 08:27:11.717000,2022-05-04 08:29:50.965000,159.248,20,130,3,98,2022-05-04 08:45:16.678000,7ED80400,Portugal,Portugal,Other,Portuguese,"Portuguese, English",Man (including Trans Male/Trans Man),High school diploma/A-levels,Portugal,Male,Yes
57,francisco98,605663e5147a7b66e6853a0b,s.48727450-fbf9-431f-b777-efdb933821fe.txt,2,1.0,,Portugal,Portugal,4.0,4,4,4,2,,3,2,2,3,3,3,3,3,3,3,2,1,3,2,3,3,3,2,2,3,3,2,2,1,1,1,2,2,2,2,2,1,2,2,2,1,2,2,1,1,1,2,2,2,2,1,6269053ac9ca43d823c77778,626a95d82cf55b4c9e1355a0,2022-04-28-15-26,2022-04-28-15-27,1,1.2,7.15,4.17,1,626a95d82cf55b4c9e1355a0,APPROVED,2022-04-28 13:25:44.628000,2022-04-28 13:27:40.705000,116.077,23,85,3,98,2022-04-28 14:11:44.881000,7ED80400,Portugal,Portugal,Other,Portuguese,"Portuguese, English",Man (including Trans Male/Trans Man),Graduate degree (MA/MSc/MPhil/other),Portugal,Male,Yes
58,ricxtreme,605c984fb45a5c4f390a8c6b,s.2df562d5-965f-41b5-a1e9-0a1b26243aac.txt,2,1.0,,,,2.0,4,4,4,2,,4,1,1,3,1,3,3,3,3,2,1,1,3,1,2,1,3,2,3,3,3,2,2,3,1,1,1,2,1,3,1,2,3,1,2,3,2,3,1,1,1,1,1,1,1,1,6269053ac9ca43d823c77778,626a9737126adef30f3740f9,2022-04-28-15-31,2022-04-28-15-33,2,2.52,5.48,4.0,5,626a9737126adef30f3740f9,APPROVED,2022-04-28 13:31:35.346000,2022-04-28 13:33:41.945000,126.599,25,62,0,100,2022-04-28 14:12:38.717000,7ED80400,Portugal,Portugal,Full-Time,Portuguese,"English, Portuguese",Man (including Trans Male/Trans Man),High school diploma/A-levels,Portugal,Male,No
59,joaoms98,6076dfb3ec881562b02b03a7,s.33d33bdb-ce88-46c7-be91-663c868e5e07.txt,2,1.0,,,,,4,2,3,2,,3,3,1,3,1,3,3,3,3,3,2,1,3,2,3,3,3,3,3,3,3,1,1,3,1,1,1,1,1,1,1,2,3,1,1,3,1,2,1,1,1,2,2,2,1,2,6269053ac9ca43d823c77778,626a964317ef09879edcab76,2022-04-28-15-27,2022-04-28-15-29,2,0.98,8.15,4.56,1,626a964317ef09879edcab76,APPROVED,2022-04-28 13:27:31.640000,2022-04-28 13:29:51.111000,139.471,24,117,0,100,2022-04-28 14:12:26.424000,7ED80400,Portugal,Portugal,Full-Time,Portuguese,"English, Portuguese",Man (including Trans Male/Trans Man),Graduate degree (MA/MSc/MPhil/other),Portugal,Male,No
60,valxros,6082f09379b513197ffeb54e,s.feda2bb2-464c-406e-aafd-2428687e5249.txt,2,2.0,,Italy,Italy,3.0,4,3,4,2,,2,3,1,3,3,3,3,3,3,3,3,3,3,1,3,1,3,3,2,3,3,2,2,3,2,1,2,1,1,1,1,3,3,1,3,3,2,3,1,3,1,1,1,1,1,1,6269053ac9ca43d823c77778,6270feaed0c2c0f7b6982e1f,2022-05-03-12-07,2022-05-03-12-09,2,0.48,5.33,2.9,5,6270feaed0c2c0f7b6982e1f,APPROVED,2022-05-03 10:06:37.994000,2022-05-03 10:09:30.798000,172.804,23,64,0,100,2022-05-03 10:37:38.501000,7ED80400,Italy,Italy,Unemployed (and job seeking),Italian,"English, Italian, Korean, Spanish",Woman (including Trans Female/Trans Woman),Undergraduate degree (BA/BSc/other),Italy,Female,Yes
61,prolificuser,608539cd54e4230bbaaf4959,s.2c75b5a5-3bc5-4541-ba80-3e352a80968e.txt,2,2.0,,Italy,Italy,2.0,4,2,2,2,,2,3,1,3,2,3,3,3,2,3,3,2,3,1,3,1,3,3,3,3,3,1,1,2,1,1,2,3,1,2,1,3,3,1,2,2,3,3,1,3,1,1,2,2,2,2,6269053ac9ca43d823c77778,6270ff6bdc5ef080c5e65ff3,2022-05-03-12-11,2022-05-03-12-13,2,0.95,5.25,3.1,1,6270ff6bdc5ef080c5e65ff3,APPROVED,2022-05-03 10:10:23.659000,2022-05-03 10:13:36.473000,192.814,22,148,2,100,2022-05-03 10:37:18.483000,7ED80400,Italy,Italy,Part-Time,Italian,"Spanish, Italian, English",Woman (including Trans Female/Trans Woman),High school diploma/A-levels,Italy,Female,Yes
62,matiri95,608bb6544e29801f4cac1c2d,s.77ddd0e8-20c5-4f56-9a50-f848c01c9173.txt,3,1.0,,Portugal,Portugal,4.0,5,3,3,2,,3,2,1,3,1,3,2,3,3,3,2,1,2,1,1,1,3,1,1,3,3,1,1,3,1,1,1,3,1,1,1,3,3,1,3,3,3,3,1,1,1,1,1,1,1,1,6269053ac9ca43d823c77778,626a9752268dea3bf6e4b519,2022-04-28-15-36,2022-04-28-15-38,2,3.08,4.9,3.99,5,626a9752268dea3bf6e4b519,APPROVED,2022-04-28 13:32:02.070000,2022-04-28 13:38:26.664000,384.594,26,130,1,100,2022-04-28 14:12:54.804000,7ED80400,Portugal,Portugal,Full-Time,Portuguese,"English, Portuguese",Man (including Trans Male/Trans Man),Graduate degree (MA/MSc/MPhil/other),Portugal,Male,No
63,bpin,608c349d8e7f57e8f84d3a27,s.4dbf76c5-e67f-4bbd-b9c5-42b55f01f658.txt,3,2.0,,Portugal,Portugal,4.0,4,2,3,2,,2,3,1,3,1,3,3,3,3,3,2,1,3,1,3,1,3,3,2,3,3,1,2,3,2,1,2,3,1,1,1,3,3,1,3,2,2,3,1,1,1,1,1,1,1,1,6269053ac9ca43d823c77778,626aa16e2fea365d8a687677,2022-04-28-16-16,2022-04-28-16-21,5,1.28,4.8,3.04,5,626aa16e2fea365d8a687677,APPROVED,2022-04-28 14:15:10.607000,2022-04-28 14:21:47.662000,397.055,27,196,1,100,2022-04-28 14:22:07.816000,7ED80400,Portugal,Portugal,Part-Time,Portuguese,"Portuguese, English",Woman (including Trans Female/Trans Woman),Graduate degree (MA/MSc/MPhil/other),Portugal,Female,Yes
64,Gon1507,609a7d5287ca8fb83e0780d4,s.075e807f-b50a-4443-aeae-4fedcb859588.txt,2,1.0,,Portugal,Portugal,2.0,2,1,1,2,,4,3,1,3,1,3,3,3,1,3,3,1,3,3,3,1,3,3,3,3,3,1,1,2,1,1,1,3,1,3,3,2,3,1,3,3,1,3,1,3,1,1,1,1,1,2,6269053ac9ca43d823c77778,626fe6419bf12656d060a1f9,2022-05-02-16-10,2022-05-02-16-12,2,1.55,4.62,3.09,4,626fe6419bf12656d060a1f9,APPROVED,2022-05-02 14:10:10.545000,2022-05-02 14:12:53.577000,163.032,20,142,2,100,2022-05-02 14:26:03.135000,7ED80400,Portugal,Portugal,Full-Time,Portuguese,"Portuguese, English",Man (including Trans Male/Trans Man),High school diploma/A-levels,Portugal,Male,Yes
65,mariiii,609ab970bcff69957427445d,s.d20f0563-f690-44ca-a475-5ef3a427e9b4.txt,2,2.0,,Portugal,Lisboa,2.0,5,1,1,2,,3,3,1,3,3,3,3,3,3,3,3,1,3,3,1,1,3,3,3,3,3,3,2,3,1,1,1,2,1,2,2,3,3,1,3,2,3,3,1,1,1,1,2,2,2,2,6269053ac9ca43d823c77778,626a9f271e1f9df4941fad84,2022-04-28-16-06,2022-04-28-16-08,2,0.7,4.55,2.62,1,626a9f271e1f9df4941fad84,APPROVED,2022-04-28 14:05:52.502000,2022-04-28 14:09:02.598000,190.096,21,70,2,98,2022-04-28 14:15:18.755000,7ED80400,Portugal,Portugal,Unemployed (and job seeking),Portuguese,"Portuguese, English",Woman (including Trans Female/Trans Woman),High school diploma/A-levels,Portugal,Female,Yes
66,SofiiFreitas,609e866bea124d8bae2e1ce8,s.24bd11ce-1edb-47ed-8076-d193080cf1bf.txt,3,2.0,,Portugal,Portugal,4.0,4,3,2,2,,2,3,1,3,1,1,3,3,3,3,3,1,3,2,2,1,3,1,1,3,3,1,1,3,1,1,1,1,1,1,1,2,3,1,3,2,2,3,1,1,1,1,1,1,2,2,6269053ac9ca43d823c77778,626fe650ccc11ae7c0650163,2022-05-02-16-10,2022-05-02-16-13,3,2.38,6.88,4.62,3,626fe650ccc11ae7c0650163,APPROVED,2022-05-02 14:10:24.435000,2022-05-02 14:13:48.315000,203.88,26,82,0,100,2022-05-02 14:26:47.488000,7ED80400,Portugal,Portugal,DATA EXPIRED,Portuguese,"English, Portuguese",Woman (including Trans Female/Trans Woman),Graduate degree (MA/MSc/MPhil/other),Portugal,Female,No
67,Gonçalo,609efef2eacb048e063448cb,s.eac71a0d-35b8-4edb-ae67-e620349f94ac.txt,2,1.0,,Portugal,Portugal,2.0,4,3,4,2,,2,3,1,3,1,3,3,3,3,3,3,3,3,1,3,1,3,3,3,3,3,1,1,3,1,1,1,1,1,1,1,3,3,1,3,3,1,3,1,1,1,1,1,1,1,2,6269053ac9ca43d823c77778,626a95af9c33a7f00fa6bf05,2022-04-28-15-26,2022-04-28-15-31,5,0.7,6.6,3.65,4,626a95af9c33a7f00fa6bf05,APPROVED,2022-04-28 13:25:03.986000,2022-04-28 13:31:38.777000,394.791,21,60,0,100,2022-04-28 14:11:16.727000,7ED80400,Portugal,Portugal,Unemployed (and job seeking),Portuguese,"Portuguese, English",Man (including Trans Male/Trans Man),High school diploma/A-levels,Portugal,Male,Yes
68,saturnzbarzs,60a44015d0ff9f3d81a1a1c8,s.17243505-32f9-4a1e-a983-335bc2aa463b.txt,2,2.0,,Portugal,Portugal,2.0,4,3,2,2,,3,3,1,3,1,3,1,3,3,3,3,2,3,1,3,1,3,2,1,3,3,1,1,3,1,1,1,2,1,1,1,2,3,1,2,2,1,3,1,1,1,1,1,1,1,1,6269053ac9ca43d823c77778,626a97e900a368ca8078e6b3,2022-04-28-15-42,2022-04-28-15-46,4,1.9,7.1,4.5,5,626a97e900a368ca8078e6b3,APPROVED,2022-04-28 13:34:33.429000,2022-04-28 13:46:55.397000,741.968,18,123,1,100,2022-04-28 14:13:21.829000,7ED80400,Portugal,Portugal,Other,Portuguese,"Portuguese, English",Woman (including Trans Female/Trans Woman),High school diploma/A-levels,Portugal,Female,Yes
69,nowhereknows,60aabff11bad269f664ccbc7,s.1b21d27f-9008-44b5-8952-db2b3ed92b16.txt,2,2.0,,portugal,portugal,4.0,5,3,2,2,,4,3,2,3,2,3,3,3,2,3,3,3,3,3,3,3,3,3,3,3,3,1,1,3,1,2,3,1,2,3,3,3,3,3,2,2,3,3,3,3,1,1,1,1,1,2,6269053ac9ca43d823c77778,626fe6475c3a0ccc40976cf2,2022-05-02-16-10,2022-05-02-16-12,2,0.6,4.0,2.3,4,626fe6475c3a0ccc40976cf2,APPROVED,2022-05-02 14:10:18.383000,2022-05-02 14:12:37.512000,139.129,24,81,0,100,2022-05-02 14:26:24.832000,7ED80400,Portugal,Portugal,Full-Time,Portuguese,"English, Portuguese, Spanish",Woman (including Trans Female/Trans Woman),Graduate degree (MA/MSc/MPhil/other),Portugal,Female,No
70,jshadyc,60af88a18ec7e63ce70606a7,s.466309af-849e-4fbf-8946-fbbb8aa27c0f.txt,2,2.0,,portugal,portugal,2.0,5,4,4,2,,4,3,1,3,3,3,3,3,3,3,3,1,1,1,3,1,3,1,3,3,3,2,1,3,1,1,1,2,1,2,1,3,3,1,3,3,1,3,1,1,1,1,1,1,1,1,6269053ac9ca43d823c77778,626a9f16f17147b02834fe4e,2022-04-28-16-05,2022-04-28-16-07,2,1.85,5.8,3.83,5,626a9f16f17147b02834fe4e,APPROVED,2022-04-28 14:05:13.009000,2022-04-28 14:07:08.243000,115.234,22,61,1,100,2022-04-28 14:14:41.888000,7ED80400,Portugal,Portugal,Full-Time,Portuguese,"Portuguese, English, Spanish",Woman (including Trans Female/Trans Woman),High school diploma/A-levels,Portugal,Female,No
71,BlueGiuly,60b3576258dd0303232cb158,s.3f090629-87a7-4ce5-9024-4e408c616355.txt,2,2.0,,italy,italy,3.0,3,1,1,2,,4,2,1,3,3,2,2,3,2,2,3,3,2,1,3,1,3,3,3,3,3,1,2,3,1,1,1,2,1,3,1,3,3,1,3,3,2,3,1,3,1,1,1,1,2,2,6269053ac9ca43d823c77778,626aa1a53ca7e9778202d788,2022-04-28-16-16,2022-04-28-16-19,3,2.22,4.65,3.44,3,626aa1a53ca7e9778202d788,APPROVED,2022-04-28 14:16:19.165000,2022-04-28 14:19:09.295000,170.13,23,63,1,100,2022-04-28 14:19:15.990000,7ED80400,Italy,Italy,Other,Italian,"English, Italian",Woman (including Trans Female/Trans Woman),Graduate degree (MA/MSc/MPhil/other),Italy,Female,Yes
72,itsmatild,60b553fb5705a4355358afaf,s.5b598f4f-e746-46c4-97fe-aa78df58feb3.txt,2,2.0,,Portugal,Portugal,3.0,4,3,2,2,,2,3,1,3,3,3,3,3,3,3,3,1,3,1,3,1,3,1,3,3,3,1,2,3,1,1,2,3,1,3,2,3,3,1,3,1,2,3,1,1,1,1,1,1,1,2,6269053ac9ca43d823c77778,626a9759fa579ce7e5adbdd9,2022-04-28-15-33,2022-04-28-15-36,3,1.0,4.33,2.66,4,626a9759fa579ce7e5adbdd9,APPROVED,2022-04-28 13:32:09.974000,2022-04-28 13:36:16.364000,246.39,22,105,1,100,2022-04-28 14:12:57.869000,7ED80400,Portugal,Portugal,Unemployed (and job seeking),Portuguese,"Portuguese, English",Woman (including Trans Female/Trans Woman),Undergraduate degree (BA/BSc/other),Portugal,Female,No
73,Ana Wolfie,60b68fc2c92926cd9af2733b,s.ab6bafc5-327c-436d-aca6-7f38329f544e.txt,2,2.0,,Portugal,Portugal,4.0,5,4,4,2,,4,2,1,3,1,3,2,3,3,3,1,1,3,1,3,1,3,3,3,3,3,1,1,3,1,1,1,1,1,1,1,2,3,1,1,3,1,3,1,1,1,1,1,1,2,2,6269053ac9ca43d823c77778,626fe64b1629e484a6f62c16,2022-05-02-16-10,2022-05-02-16-12,2,1.8,7.68,4.74,3,626fe64b1629e484a6f62c16,APPROVED,2022-05-02 14:10:19.563000,2022-05-02 14:12:39.044000,139.481,22,84,1,100,2022-05-02 14:26:36.390000,7ED80400,Portugal,Portugal,Part-Time,Portuguese,"English, Portuguese, Spanish",Woman (including Trans Female/Trans Woman),Undergraduate degree (BA/BSc/other),Portugal,Female,Yes
74,popu,60bd04a3749e1ca47e54d3e1,s.374d00b4-4c80-42d6-a2bb-034b17fa251e.txt,2,1.0,,Portugal,Portugal,3.0,2,1,1,2,,2,3,1,3,2,3,3,3,3,3,3,2,3,1,2,2,3,3,3,3,3,1,1,2,1,1,2,2,1,2,1,1,2,2,2,2,2,2,1,1,1,1,1,2,2,2,6269053ac9ca43d823c77778,626a942ed9bf306afbb5ffbf,2022-04-28-15-19,2022-04-28-15-21,2,0.68,7.5,4.09,2,626a942ed9bf306afbb5ffbf,APPROVED,2022-04-28 13:18:38.884000,2022-04-28 13:21:43.767000,184.883,22,86,0,100,2022-04-28 14:10:04.992000,7ED80400,Portugal,Portugal,Other,Portuguese,"Portuguese, English",Man (including Trans Male/Trans Man),Technical/community college,Portugal,Male,Yes
75,Chaps03,60c939c438c389b49847c08b,s.9258bcc2-46ea-42e9-9c35-5abffabe814b.txt,2,2.0,,Portugal,Portugal,2.0,5,3,3,2,,2,3,1,3,2,2,3,3,2,3,3,1,3,2,1,1,3,3,2,3,2,1,1,3,1,1,1,2,1,1,1,2,3,2,2,3,1,3,1,1,1,1,1,1,1,1,6269053ac9ca43d823c77778,626a9586eae53343a37bc544,2022-04-28-15-25,2022-04-28-15-27,2,2.2,6.7,4.45,5,626a9586eae53343a37bc544,APPROVED,2022-04-28 13:25:02.175000,2022-04-28 13:28:03.895000,181.72,21,72,0,100,2022-04-28 14:11:15.478000,7ED80400,Portugal,Portugal,Full-Time,Portuguese,"English, Portuguese",Woman (including Trans Female/Trans Woman),High school diploma/A-levels,Portugal,Female,Yes
76,ddios,60d9a7c0aebfc51577e97903,s.b9557e0f-c959-4ba5-8226-39a9bd1736e1.txt,2,1.0,,España,España,2.0,4,4,3,2,,2,2,1,3,2,1,3,3,3,3,3,3,2,1,1,1,1,1,3,3,3,1,1,1,1,1,2,3,1,2,1,2,3,1,3,1,1,3,1,2,1,2,2,1,2,2,6269053ac9ca43d823c77778,627238cbee88f5d44059fade,2022-05-04-10-28,2022-05-04-10-31,3,3.18,6.53,4.85,1,627238cbee88f5d44059fade,APPROVED,2022-05-04 08:26:51.765000,2022-05-04 08:31:20.076000,268.311,20,90,1,100,2022-05-04 08:45:21.626000,7ED80400,Spain,Spain,"Not in paid work (e.g. homemaker', 'retired or disabled)",Spanish,English,Woman (including Trans Female/Trans Woman),High school diploma/A-levels,Spain,Female,Yes
77,diogojf,60e467a0b2c2ef1e594bd577,s.7c79cdd7-72eb-4d09-b63a-c740a3e5332c.txt,2,1.0,,Portugal,Portugal,2.0,4,3,4,2,,4,3,1,3,3,3,3,3,3,3,3,3,3,1,1,1,3,3,3,3,3,1,1,3,1,1,2,2,1,2,2,3,3,2,2,3,2,3,1,1,1,1,1,1,1,2,6269053ac9ca43d823c77778,626a965d9a918acb871f80d1,2022-04-28-15-28,2022-04-28-15-29,1,0.5,5.18,2.84,4,626a965d9a918acb871f80d1,APPROVED,2022-04-28 13:27:57.307000,2022-04-28 13:29:59.233000,121.926,19,88,4,95,2022-04-28 14:12:29.767000,7ED80400,Portugal,Portugal,DATA EXPIRED,Portuguese,"English, Portuguese",Man (including Trans Male/Trans Man),Graduate degree (MA/MSc/MPhil/other),Portugal,Male,DATA EXPIRED
78,outofljfe,60ecadbc339c0f0e49a9c370,s.dbd9b9f8-a7bf-432e-ad4f-9787ca4c88cd.txt,2,2.0,,Italy,Italy,2.0,4,2,2,2,,2,3,1,3,2,3,3,3,3,3,3,3,3,1,3,2,3,3,3,3,3,1,2,3,1,3,2,3,3,3,3,3,3,3,3,1,2,3,3,3,2,1,1,1,1,2,6269053ac9ca43d823c77778,626a9759dd5181900b1e3247,2022-04-28-15-35,2022-04-28-15-40,5,0.45,2.4,1.43,4,626a9759dd5181900b1e3247,APPROVED,2022-04-28 13:32:09.182000,2022-04-28 13:40:18.430000,489.248,20,102,0,100,2022-04-28 14:12:57.451000,7ED80400,Italy,Italy,DATA EXPIRED,Italian,"Arabic, French, Italian, English",Woman (including Trans Female/Trans Woman),High school diploma/A-levels,Italy,Female,DATA EXPIRED
79,60f1881264ff3a7f211d186a,60f1881264ff3a7f211d186a,s.0530f36d-7b09-46e2-ab38-7fbb44389983.txt,3,1.0,,Italy,Italy,3.0,5,4,3,2,,2,1,1,3,1,2,3,3,3,3,1,2,3,1,1,1,3,2,2,3,3,2,3,3,3,1,1,3,2,3,1,2,3,1,3,1,3,3,1,2,2,1,1,1,1,1,6269053ac9ca43d823c77778,6270fe7fc093801eda8086f0,2022-05-03-12-08,2022-05-03-12-10,2,2.6,3.48,3.04,5,6270fe7fc093801eda8086f0,APPROVED,2022-05-03 10:05:53.923000,2022-05-03 10:10:51.656000,297.733,26,132,1,100,2022-05-03 10:37:42.399000,7ED80400,Italy,Italy,Unemployed (and job seeking),Italian,"English, Italian",Man (including Trans Male/Trans Man),Undergraduate degree (BA/BSc/other),Italy,Male,Yes
80,ritamont,60f5a332d13bb868d7724c52,s.ed9483f7-9908-4558-8af9-c5a877f41fd9.txt,3,2.0,,Portugal,Portugal,4.0,4,1,1,2,,2,3,2,3,2,3,3,3,2,1,1,2,3,3,3,3,3,3,1,3,3,1,3,3,1,1,1,1,1,1,1,3,3,1,3,3,1,3,1,1,3,1,2,2,2,2,6269053ac9ca43d823c77778,626a98af9245be65b35aec9a,2022-04-28-15-39,2022-04-28-15-41,2,2.08,4.9,3.49,1,626a98af9245be65b35aec9a,APPROVED,2022-04-28 13:38:55.359000,2022-04-28 13:42:03.943000,188.584,34,197,0,100,2022-04-28 14:14:26.907000,7ED80400,Portugal,Portugal,Full-Time,Portuguese,"Portuguese, English",Woman (including Trans Female/Trans Woman),Graduate degree (MA/MSc/MPhil/other),Portugal,Female,No
81,mapu25,60fd945c307626b8b4d4e4dc,s.c2d127a3-b6c5-48d5-9e91-5604a3c4f8a2.txt,2,2.0,,Spain,Spain,2.0,4,1,3,2,,2,3,1,3,3,3,3,3,3,3,3,3,3,1,3,1,3,3,3,3,3,1,3,3,1,1,1,3,1,3,1,3,3,1,3,3,1,3,1,3,1,2,2,2,2,2,6269053ac9ca43d823c77778,626a95d34558728b4ef8bfa9,2022-04-28-15-26,2022-04-28-15-28,2,0.3,4.1,2.2,0,626a95d34558728b4ef8bfa9,APPROVED,2022-04-28 13:25:57.366000,2022-04-28 13:28:35.296000,157.93,23,39,0,100,2022-04-28 14:11:51.966000,7ED80400,Spain,Spain,Part-Time,Catalan,"Catalan, English, Spanish",Woman (including Trans Female/Trans Woman),Undergraduate degree (BA/BSc/other),Spain,Female,Yes
82,ossalatodipotassio,61071bc6d5e086fc27f57884,s.32b1c466-647e-4b9f-8ed8-83746a7cd89b.txt,2,2.0,,Italy,Italy,2.0,5,4,3,2,,3,3,1,2,3,2,3,3,2,3,3,1,2,1,3,3,3,3,2,3,3,1,1,2,1,1,1,1,1,1,1,2,3,1,1,3,2,3,1,2,1,1,2,2,2,2,6269053ac9ca43d823c77778,6270fd6d23b4e61425db3b22,2022-05-03-12-01,2022-05-03-12-04,3,2.12,7.5,4.81,1,6270fd6d23b4e61425db3b22,APPROVED,2022-05-03 10:01:17.350000,2022-05-03 10:04:23.041000,185.691,20,105,0,100,2022-05-03 10:38:05.921000,7ED80400,Italy,Italy,Unemployed (and job seeking),Italian,"English, Italian",Woman (including Trans Female/Trans Woman),High school diploma/A-levels,Italy,Female,Yes
83,filippo_malocco,6107f8e71da90474ed188cb3,s.78795bb8-e747-40be-bde9-23a2b5e5c1ac.txt,2,1.0,,italy,italy,2.0,2,2,3,2,,3,1,2,3,1,3,3,3,3,3,1,1,3,1,3,1,3,3,1,3,3,2,1,2,1,1,3,1,3,1,1,2,3,2,3,3,1,3,1,1,1,1,1,1,1,2,6269053ac9ca43d823c77778,6270fd2dea44c284be9c654e,2022-05-03-12-00,2022-05-03-12-02,2,2.12,6.65,4.39,4,6270fd2dea44c284be9c654e,APPROVED,2022-05-03 10:00:13.627000,2022-05-03 10:02:50.784000,157.157,20,124,1,100,2022-05-03 10:38:13.462000,7ED80400,Italy,Italy,Part-Time,Italian,English,Man (including Trans Male/Trans Man),High school diploma/A-levels,Italy,Male,Yes
84,ilvapleuvoir,610afb895c8cef9f6ec1ac6a,s.a5cb1bbc-3d3f-456f-882b-0ea88e729952.txt,3,2.0,,portugal,portugal,3.0,4,2,4,2,,3,3,2,2,1,1,3,1,3,3,2,1,1,3,3,1,3,3,2,3,3,1,2,2,1,1,1,2,2,2,3,2,2,1,3,2,1,2,1,2,1,1,1,1,1,2,6269053ac9ca43d823c77778,626a98c718419b0caa4e4e4f,2022-04-28-15-38,2022-04-28-15-41,3,3.92,6.03,4.97,4,626a98c718419b0caa4e4e4f,APPROVED,2022-04-28 13:38:15.601000,2022-04-28 13:41:12.380000,176.779,28,109,1,100,2022-04-28 14:14:09.412000,7ED80400,Portugal,Portugal,Other,Portuguese,"English, Portuguese",Woman (including Trans Female/Trans Woman),Undergraduate degree (BA/BSc/other),Portugal,Female,Yes
85,Acemorais,61123b66dae2d7c959c7ff31,s.e64777a2-7399-44ed-bbf3-9789e16acfc0.txt,4,1.0,,Portugal,Portugal,6.0,4,3,4,2,,2,1,1,3,1,3,1,3,3,1,1,1,3,1,2,1,1,1,1,3,3,1,2,3,1,1,1,2,1,3,3,3,3,1,3,2,3,3,1,1,1,1,1,2,2,2,6269053ac9ca43d823c77778,627230e78acdefffa437032e,2022-05-04-09-53,2022-05-04-09-55,2,4.7,3.9,4.3,2,627230e78acdefffa437032e,APPROVED,2022-05-04 07:53:11.531000,2022-05-04 07:55:21.119000,129.588,36,105,0,100,2022-05-04 08:25:26.262000,7ED80400,Portugal,Portugal,Full-Time,Portuguese,"Portuguese, English",Man (including Trans Male/Trans Man),Doctorate degree (PhD/other),Portugal,Male,No
86,dfilipa98,6113a568434313758954bb53,s.79e5e82f-f81e-4be1-906d-d95eda822be7.txt,2,2.0,,Portugal,Portugal,2.0,5,3,2,2,,3,3,2,3,1,3,3,3,3,3,3,3,3,1,3,1,3,1,3,3,3,1,1,3,1,1,1,1,1,3,3,3,3,1,3,3,3,3,1,1,3,1,1,1,1,2,6269053ac9ca43d823c77778,626a9406e289d83cda7e3489,2022-04-28-15-18,2022-04-28-15-21,3,1.07,3.6,2.34,4,626a9406e289d83cda7e3489,APPROVED,2022-04-28 13:17:58.127000,2022-04-28 13:21:13.440000,195.313,24,68,1,100,2022-04-28 14:09:59.277000,7ED80400,Portugal,Portugal,Part-Time,Portuguese,"English, Portuguese",Woman (including Trans Female/Trans Woman),High school diploma/A-levels,Portugal,Female,Yes
87,61141c855eb58d6a4e3d8d5b,61141c855eb58d6a4e3d8d5b,s.0efc5165-b9af-474a-9245-3070d1bbdc55.txt,2,2.0,,Spain,Spain,4.0,5,3,4,2,,2,3,1,3,1,3,3,3,2,3,1,1,1,2,2,3,3,3,2,3,3,1,1,3,1,1,1,1,1,2,1,3,3,1,1,2,3,3,1,2,1,1,1,1,1,1,6269053ac9ca43d823c77778,626a9f2617444e54902a1e6c,2022-04-28-16-06,2022-04-28-16-09,3,2.57,6.6,4.59,5,626a9f2617444e54902a1e6c,APPROVED,2022-04-28 14:05:26.501000,2022-04-28 14:09:20.479000,233.978,25,115,3,98,2022-04-28 14:14:58.995000,7ED80400,Spain,Spain,Unemployed (and job seeking),Spanish,"English, Spanish",Woman (including Trans Female/Trans Woman),Graduate degree (MA/MSc/MPhil/other),Spain,Female,Yes
88,Vittoria,611cf2fd04c64ae9781b55e5,s.c338cb01-ae55-45ec-a197-2e8cbc2ea10e.txt,2,2.0,,Italy,Italy,3.0,4,2,2,2,,2,3,1,1,1,3,1,3,2,3,1,3,3,1,1,1,3,3,3,3,3,1,1,2,3,1,1,3,1,1,1,1,3,1,3,1,3,3,1,1,1,1,1,1,2,2,6269053ac9ca43d823c77778,626a97681a73f577a1a21bd2,2022-04-28-15-33,2022-04-28-15-36,3,2.98,6.0,4.49,3,626a97681a73f577a1a21bd2,APPROVED,2022-04-28 13:32:47.611000,2022-04-28 13:36:38.252000,230.641,23,38,0,100,2022-04-28 14:13:17.463000,7ED80400,Italy,Italy,Other,Italian,"Italian, English, Spanish, German",Woman (including Trans Female/Trans Woman),Undergraduate degree (BA/BSc/other),Italy,Female,Yes
89,Holt92,611fce73e0a46ebc8e4b90a5,s.1c76d3e0-3902-4eab-90ee-5b6c6362403a.txt,2,1.0,,Portugal,Portugal,2.0,4,4,5,2,,4,2,1,3,3,3,3,3,3,3,3,1,2,1,1,1,3,3,3,3,3,1,1,3,1,1,1,1,1,2,2,1,3,1,3,1,2,3,1,1,1,1,1,1,1,2,6269053ac9ca43d823c77778,626a957f798b8271caa94760,2022-04-28-15-25,2022-04-28-15-32,7,1.48,6.8,4.14,4,626a957f798b8271caa94760,APPROVED,2022-04-28 13:24:15.706000,2022-04-28 13:33:03.526000,527.82,21,105,0,100,2022-04-28 14:10:33.155000,7ED80400,Portugal,Portugal,"Not in paid work (e.g. homemaker', 'retired or disabled)",Portuguese,"English, Portuguese",Man (including Trans Male/Trans Man),High school diploma/A-levels,Portugal,Male,Yes
90,tiagofcneves,612820047346933da8342f74,s.00b47a51-2b90-48f0-a7c3-71396dafddb0.txt,3,1.0,,Portugal,Portugal,3.0,4,3,3,2,,2,3,1,3,3,3,3,3,3,3,3,3,3,1,3,3,3,3,3,3,3,1,3,3,3,1,1,3,1,1,1,1,3,1,3,1,3,3,1,1,1,1,1,1,1,1,6269053ac9ca43d823c77778,626a98bce78620463c04fc43,2022-04-28-15-39,2022-04-28-15-41,2,0.2,4.95,2.58,5,626a98bce78620463c04fc43,APPROVED,2022-04-28 13:38:04.906000,2022-04-28 13:41:18.044000,193.138,27,99,0,100,2022-04-28 14:14:02.430000,7ED80400,Portugal,Portugal,Full-Time,Portuguese,"Portuguese, English",Man (including Trans Male/Trans Man),Graduate degree (MA/MSc/MPhil/other),Portugal,Male,No
91,Solk,612ccc537fd00ae8b3e8b95f,s.be48ea87-a185-4085-a77e-04fcd797a91d.txt,2,1.0,,Portugal,Portugal,3.0,4,3,4,2,,2,3,1,3,3,3,3,3,3,3,3,1,3,1,1,1,3,1,3,3,3,1,2,3,1,1,1,3,1,1,3,2,3,1,1,3,1,3,1,1,1,1,1,1,1,2,6269053ac9ca43d823c77778,626a9dee5bd92619fb7e6335,2022-04-28-16-00,2022-04-28-16-02,2,1.2,5.43,3.31,4,626a9dee5bd92619fb7e6335,APPROVED,2022-04-28 14:00:14.486000,2022-04-28 14:02:33.296000,138.81,23,110,1,100,2022-04-28 14:14:35.541000,7ED80400,Portugal,Portugal,Other,Portuguese,"English, Portuguese, Spanish",Man (including Trans Male/Trans Man),Undergraduate degree (BA/BSc/other),Portugal,Male,Yes
92,LBS,612fe64ec0e4e3b001e553ef,s.ae753fc3-5bf0-4342-9821-c677725df6eb.txt,2,1.0,,Portugal,Portugal,4.0,5,4,4,2,,2,3,1,3,2,2,3,2,2,2,3,2,3,1,3,1,3,1,2,2,3,1,3,3,1,1,2,3,2,2,3,1,3,1,1,3,3,3,1,2,1,1,1,1,1,1,6269053ac9ca43d823c77778,626fe652113b0b2004db4fd0,2022-05-02-16-10,2022-05-02-16-13,3,3.05,4.1,3.58,5,626fe652113b0b2004db4fd0,APPROVED,2022-05-02 14:10:26.980000,2022-05-02 14:13:37.962000,190.982,22,130,0,100,2022-05-02 14:26:58.029000,7ED80400,Portugal,Portugal,Other,Portuguese,"English, Portuguese",Man (including Trans Male/Trans Man),Graduate degree (MA/MSc/MPhil/other),Portugal,Male,Yes
93,Clara319,61322612510b85268a0c4b63,s.d6db5e12-5cab-42bb-a177-9a738c5aff04.txt,2,2.0,,Italy,Italy,2.0,5,3,4,2,,2,3,1,3,2,3,3,3,3,3,3,1,3,1,3,3,3,3,3,3,3,1,3,3,1,1,3,1,1,3,2,3,3,1,3,3,1,3,1,3,1,1,1,2,2,2,6269053ac9ca43d823c77778,6270fdf3ac01655dbb17c141,2022-05-03-12-03,2022-05-03-12-06,3,0.65,4.38,2.51,2,6270fdf3ac01655dbb17c141,APPROVED,2022-05-03 10:03:33.762000,2022-05-03 10:06:42.398000,188.636,23,130,0,100,2022-05-03 10:37:54.888000,7ED80400,Italy,Italy,Other,Italian,"English, Italian",Woman (including Trans Female/Trans Woman),High school diploma/A-levels,Italy,Female,Yes
94,silvawestcoast,6134fe6f036b9de4fb216cb2,s.57047449-a7a6-4301-9560-83dc00d73184.txt,2,1.0,,Portugal,Portugal,2.0,5,4,2,2,,2,3,1,3,2,3,3,3,3,3,3,3,3,1,1,1,3,3,3,3,3,1,3,1,1,2,1,1,2,1,1,1,3,1,3,3,1,3,1,1,1,1,1,1,1,2,6269053ac9ca43d823c77778,626a9799776494ff963331bd,2022-04-28-15-33,2022-04-28-15-35,2,0.7,6.78,3.74,4,626a9799776494ff963331bd,APPROVED,2022-04-28 13:33:15.303000,2022-04-28 13:35:27.378000,132.075,23,93,1,100,2022-04-28 14:13:19.822000,7ED80400,Portugal,Portugal,Full-Time,Portuguese,"English, Portuguese, Spanish",Man (including Trans Male/Trans Man),Technical/community college,Portugal,Male,Yes
95,salvatore9,613d091096ca434d703f77c5,s.bc5bd6a2-4efc-4814-b5a5-dff7df1b1ae4.txt,2,1.0,,Italy,Italy,2.0,5,4,5,2,,2,3,1,3,1,2,3,3,1,3,3,1,2,1,3,1,3,3,2,3,3,1,1,3,1,1,1,3,1,3,1,2,3,1,3,3,1,3,1,3,1,1,1,1,1,1,6269053ac9ca43d823c77778,6270fedf8ad1a1d8457eba9a,2022-05-03-12-10,2022-05-03-12-12,2,2.47,5.23,3.85,5,6270fedf8ad1a1d8457eba9a,APPROVED,2022-05-03 10:08:01.057000,2022-05-03 10:12:13.930000,252.873,23,112,0,100,2022-05-03 10:37:30.146000,7ED80400,Italy,Italy,Part-Time,Italian,"Italian, English",Man (including Trans Male/Trans Man),High school diploma/A-levels,Italy,Male,Yes
96,RickyLB,6145dddfa6fcfd396e1f4f1a,s.b4430195-c2db-415e-b3fd-c0f724a0a4c2.txt,2,1.0,,Portugal,Portugal,2.0,4,2,3,2,,2,3,1,3,1,3,3,3,3,3,3,2,2,1,1,1,3,3,2,3,3,1,1,2,1,1,1,2,1,3,1,1,3,1,3,2,1,3,1,1,1,1,2,2,2,2,6269053ac9ca43d823c77778,626a947d17735f105a42ad13,2022-04-28-15-20,2022-04-28-15-23,3,1.63,6.75,4.19,1,626a947d17735f105a42ad13,APPROVED,2022-04-28 13:19:57.203000,2022-04-28 13:23:14.427000,197.224,20,26,0,100,2022-04-28 14:10:13.285000,7ED80400,Portugal,Portugal,Part-Time,Portuguese,"English, Portuguese, Spanish",Man (including Trans Male/Trans Man),Secondary education (e.g. GED/GCSE),Portugal,Male,Yes
97,annoyin9,61465149835949882116b8c4,s.9a9c0149-10df-48f5-a563-c519404864c1.txt,2,3.0,,Portugal,Portugal,3.0,4,3,2,2,,4,2,1,2,1,3,3,2,3,3,3,2,3,1,3,1,3,3,3,3,3,2,2,3,2,1,1,2,2,2,2,3,3,1,3,2,3,2,1,2,1,1,1,2,2,2,6269053ac9ca43d823c77778,626a95c4acb4e708a275e8ba,2022-04-28-15-25,2022-04-28-15-27,2,2.05,4.73,3.39,2,626a95c4acb4e708a275e8ba,APPROVED,2022-04-28 13:25:24.503000,2022-04-28 13:27:07.012000,102.509,20,116,1,100,2022-04-28 14:11:32.565000,7ED80400,Portugal,Portugal,Part-Time,Portuguese,"English, Portuguese",Non-binary (would like to give more detail),High school diploma/A-levels,Portugal,Female,Yes
98,catalinamanuela,6149abd3cead78f1eb135218,s.5822f11d-a3a5-43d7-8710-971787775e31.txt,2,2.0,,spain,spain,3.0,4,1,1,2,,2,3,1,3,3,3,3,3,3,3,3,3,3,2,2,1,3,2,3,3,3,1,1,3,1,1,1,1,1,3,1,3,3,1,3,3,3,3,1,1,3,2,2,2,2,2,6269053ac9ca43d823c77778,6270f8ebde3317b4544f918b,2022-05-03-11-42,2022-05-03-11-44,2,0.6,4.45,2.52,0,6270f8ebde3317b4544f918b,APPROVED,2022-05-03 09:42:08.848000,2022-05-03 09:44:48.987000,160.139,24,44,1,100,2022-05-03 10:38:44.657000,7ED80400,Uruguay,Spain,Part-Time,Spanish,"English, Spanish",Woman (including Trans Female/Trans Woman),Undergraduate degree (BA/BSc/other),Spain,Female,No
99,fraaa,615094c9a1ba0233a8c3ccc4,s.e9d22aa4-d221-4621-8806-356e6cfcfd1c.txt,2,2.0,,Italy,Italy,2.0,4,3,3,2,,3,3,1,3,3,2,3,3,2,3,3,2,3,2,3,1,3,3,3,3,3,1,1,3,1,1,1,2,1,2,1,2,3,1,2,2,1,3,1,1,1,1,1,1,1,1,6269053ac9ca43d823c77778,6270fea67928eac8cd12c2b4,2022-05-03-12-08,2022-05-03-12-10,2,1.0,6.83,3.91,5,6270fea67928eac8cd12c2b4,APPROVED,2022-05-03 10:06:30.354000,2022-05-03 10:10:59.493000,269.139,22,125,0,100,2022-05-03 10:37:40.920000,7ED80400,Italy,Italy,Other,Italian,"English, Italian",Woman (including Trans Female/Trans Woman),High school diploma/A-levels,Italy,Female,Yes
100,Bea_P,6152dfa0790891ef5d673501,s.6504065d-d07d-40c2-8d7c-9ff95492dd98.txt,2,2.0,,Italia,italy,3.0,4,2,3,2,,2,3,1,2,1,3,3,2,3,3,3,3,1,1,3,3,3,3,2,3,3,1,1,3,1,1,1,2,1,1,1,3,3,1,1,2,3,3,1,2,1,1,1,2,2,2,6269053ac9ca43d823c77778,6270fe6cb804e5e29c50b2f7,2022-05-03-12-07,2022-05-03-12-09,2,2.55,6.38,4.46,2,6270fe6cb804e5e29c50b2f7,APPROVED,2022-05-03 10:05:34.689000,2022-05-03 10:09:25.658000,230.969,23,136,1,100,2022-05-03 10:37:45.096000,7ED80400,Italy,Italy,Unemployed (and job seeking),Italian,"Italian, English",Woman (including Trans Female/Trans Woman),Undergraduate degree (BA/BSc/other),Italy,Female,Yes
101,ChiaraLh,615c43b800752a4f3d0fd1f0,s.fb6b56ef-8dae-4396-a603-64da2b35db0d.txt,2,2.0,,Italy,Italy,3.0,4,2,4,2,,2,3,1,3,2,3,3,3,3,3,3,3,2,2,3,1,3,3,2,3,3,1,3,3,1,1,2,2,1,3,3,3,3,1,3,3,3,3,1,3,3,1,1,2,2,2,6269053ac9ca43d823c77778,6270fe35e3c24b51284d5dce,2022-05-03-12-04,2022-05-03-12-08,4,1.07,2.0,1.54,2,6270fe35e3c24b51284d5dce,APPROVED,2022-05-03 10:04:37.825000,2022-05-03 10:08:18.028000,220.203,23,113,0,100,2022-05-03 10:37:49.925000,7ED80400,Italy,Italy,DATA EXPIRED,Italian,"English, Italian",Woman (including Trans Female/Trans Woman),Undergraduate degree (BA/BSc/other),Italy,Female,Yes
102,aritahierro,615da7549e575b94827b81ab,s.d9dc346a-ed81-485c-a8f8-de243c9519ac.txt,3,2.0,,Portugal,Portugal,4.0,3,2,4,2,,4,1,1,3,1,3,1,3,3,1,1,1,3,3,1,3,3,1,1,3,3,1,3,3,1,1,1,3,1,3,1,3,3,1,3,3,1,3,1,1,1,1,1,1,2,2,6269053ac9ca43d823c77778,626a9631138819c1ccd12b3c,2022-04-28-15-27,2022-04-28-15-29,2,3.9,4.25,4.08,3,626a9631138819c1ccd12b3c,APPROVED,2022-04-28 13:27:13.644000,2022-04-28 13:29:11.877000,118.233,30,78,2,98,2022-04-28 14:12:16.757000,7ED80400,Portugal,Portugal,Full-Time,Portuguese,"English, Spanish, Portuguese",Woman (including Trans Female/Trans Woman),Graduate degree (MA/MSc/MPhil/other),Portugal,Female,Yes
103,gabriverce,615db8621a77715a3f2e6b54,s.6e039c9e-aa88-41a5-81ca-ec74f2a7e26f.txt,3,1.0,,Italy ,,3.0,5,4,4,2,,2,2,1,3,1,3,1,3,1,3,1,1,3,1,1,1,3,2,1,3,3,1,1,3,1,1,1,1,1,3,1,2,3,1,3,2,3,3,1,3,1,1,1,1,2,2,6269053ac9ca43d823c77778,6270fed7bc9f19b4a106a24a,2022-05-03-12-09,2022-05-03-12-13,4,3.48,5.83,4.65,3,6270fed7bc9f19b4a106a24a,APPROVED,2022-05-03 10:07:55.557000,2022-05-03 10:13:32.122000,336.565,26,62,0,100,2022-05-03 10:37:32.735000,7ED80400,Italy,Italy,Other,Italian,"English, Italian, Spanish",Man (including Trans Male/Trans Man),Graduate degree (MA/MSc/MPhil/other),Italy,Male,Yes
104,MLN,615e2e6bb4b4ab6fa6f6086f,s.a5bc3fc8-77aa-40ab-9559-f8c33c346087.txt,4,2.0,,Spain,Spain,3.0,4,3,4,2,,2,3,1,3,1,3,3,3,3,2,1,2,3,3,3,3,3,1,1,3,3,1,2,2,1,1,1,2,1,1,1,2,3,1,3,2,3,3,1,2,2,1,1,1,1,2,6269053ac9ca43d823c77778,6270ed8eabf60056d2f38a65,2022-05-03-10-54,2022-05-03-10-58,4,2.12,5.35,3.74,4,6270ed8eabf60056d2f38a65,APPROVED,2022-05-03 08:54:18.936000,2022-05-03 08:58:57.345000,278.409,42,83,0,100,2022-05-03 10:39:02.104000,7ED80400,Spain,Spain,DATA EXPIRED,Catalan,"Catalan, English, Spanish",Woman (including Trans Female/Trans Woman),Undergraduate degree (BA/BSc/other),Spain,Female,DATA EXPIRED
105,Francisca,61641b8573a9dcd29ba9d87b,s.e4bec6ee-cc7f-4743-99cf-73daa3c02d2c.txt,2,2.0,,Portugal,Portugal,3.0,4,2,2,2,,3,3,1,3,1,3,3,3,2,3,3,3,3,1,3,1,3,3,3,3,3,1,3,3,2,1,1,1,1,1,1,3,3,1,3,2,1,3,1,1,1,1,1,2,2,2,6269053ac9ca43d823c77778,626a9f196d5addb8dc6f2dbf,2022-04-28-16-05,2022-04-28-16-08,3,1.03,5.9,3.46,2,626a9f196d5addb8dc6f2dbf,APPROVED,2022-04-28 14:05:44.036000,2022-04-28 14:08:13.595000,149.559,20,96,2,99,2022-04-28 14:15:20.600000,7ED80400,Portugal,Portugal,Other,Portuguese,"Portuguese, English",Woman (including Trans Female/Trans Woman),High school diploma/A-levels,Portugal,Female,Yes
106,brunix21,6166e78051425fa22de68491,s.be1a08ae-91bf-49bf-a77e-75e55395bbee.txt,2,2.0,,Portugal,Portugal,2.0,4,2,2,2,,3,3,1,3,2,2,2,3,2,3,1,1,3,1,1,1,3,2,2,3,3,1,2,2,1,1,1,1,1,2,1,3,3,1,3,3,1,3,1,2,1,1,1,1,2,2,6269053ac9ca43d823c77778,626aa1a046fa85d1422e5ba3,2022-04-28-16-18,2022-04-28-16-21,3,2.5,6.1,4.3,3,626aa1a046fa85d1422e5ba3,APPROVED,2022-04-28 14:16:04.574000,2022-04-28 14:21:59.660000,355.086,21,48,0,100,2022-04-28 14:22:06.864000,7ED80400,Portugal,Portugal,Unemployed (and job seeking),Portuguese,"English, French, Spanish, Portuguese",Woman (including Trans Female/Trans Woman),High school diploma/A-levels,Portugal,Female,Yes
107,joaomdpaz,6167eea0a4fd7219518e8a16,s.d1444bfd-ddff-42ce-bd27-9af0450b25d0.txt,2,3.0,,Portugal,Portugal,2.0,3,2,1,2,,2,3,1,3,1,3,3,3,3,3,3,3,1,1,2,1,3,3,3,3,3,3,3,3,1,1,3,3,1,3,3,3,3,3,3,3,3,3,3,3,1,1,1,1,1,2,6269053ac9ca43d823c77778,626a95e56b38c46b3fa4ddf8,2022-04-28-15-27,2022-04-28-15-30,3,1.65,1.65,1.65,4,626a95e56b38c46b3fa4ddf8,APPROVED,2022-04-28 13:26:04.702000,2022-04-28 13:30:29.696000,264.994,22,52,0,100,2022-04-28 14:11:52.795000,7ED80400,Portugal,Portugal,DATA EXPIRED,Portuguese,"English, Portuguese, Spanish",Non-binary (would like to give more detail),Secondary education (e.g. GED/GCSE),Portugal,Male,DATA EXPIRED
108,Capuchinho,616b2703143d4550968777b8,s.5cbda229-e058-419b-ad4f-0db50e8b9948.txt,2,2.0,,Portugal,Portugal,3.0,4,2,3,2,,3,3,1,3,3,3,3,3,3,3,3,3,3,1,3,3,3,3,3,3,3,1,3,3,1,1,3,3,1,3,3,3,3,3,3,3,3,3,1,1,1,1,1,1,1,1,6269053ac9ca43d823c77778,626a97426a8a2918fef10c3b,2022-04-28-15-35,2022-04-28-15-38,3,0.2,2.2,1.2,5,626a97426a8a2918fef10c3b,APPROVED,2022-04-28 13:31:54.990000,2022-04-28 13:39:02.512000,427.522,21,104,1,100,2022-04-28 14:12:43.462000,7ED80400,Portugal,Portugal,Other,Portuguese,"Portuguese, English",Woman (including Trans Female/Trans Woman),Undergraduate degree (BA/BSc/other),Portugal,Female,Yes
109,Alba_hontoria_96,61712b162161b5362dd40119,s.8e319737-36d6-4b79-8cc3-d00850dc4d67.txt,3,2.0,,Spain,Spain,4.0,4,2,3,2,,2,3,1,3,1,3,3,3,3,3,3,3,3,1,3,1,3,1,3,3,3,1,1,3,1,1,1,1,1,3,1,3,3,1,3,1,3,3,1,3,3,1,1,1,2,2,6269053ac9ca43d823c77778,626a975e264ace31aa2a4783,2022-04-28-15-32,2022-04-28-15-34,2,1.15,4.9,3.02,3,626a975e264ace31aa2a4783,APPROVED,2022-04-28 13:32:14.032000,2022-04-28 13:34:59.787000,165.755,26,153,0,100,2022-04-28 14:13:01.050000,7ED80400,Spain,Spain,DATA EXPIRED,Spanish,"Basque, English, Spanish",Woman (including Trans Female/Trans Woman),Graduate degree (MA/MSc/MPhil/other),Spain,Female,DATA EXPIRED
110,TheMusicWeirdo,61720e04849f1568c2f3e999,s.55ce4a64-2ca5-469b-a10a-288f7b8f1f00.txt,2,1.0,,Spain,Spain,2.0,4,2,3,2,,2,3,1,3,2,3,3,3,3,3,3,3,3,2,3,1,3,3,3,3,3,1,3,3,2,1,2,2,1,3,2,3,3,1,2,3,3,3,1,2,1,1,1,1,1,1,6269053ac9ca43d823c77778,626a9f11d23df0c982e333a8,2022-04-28-16-07,2022-04-28-16-10,3,0.47,3.58,2.02,5,626a9f11d23df0c982e333a8,APPROVED,2022-04-28 14:05:50.607000,2022-04-28 14:10:11.949000,261.342,21,125,0,100,2022-04-28 14:15:19.464000,7ED80400,Spain,Spain,Unemployed (and job seeking),Spanish,"English, Spanish",Man (including Trans Male/Trans Man),Secondary education (e.g. GED/GCSE),Spain,Female,No
